-- INSERT PHIM 
INSERT INTO
    Phim (
        ten_phim,
        trailer,
        hinh_anh,
        mo_ta,
        ngay_khoi_chieu,
        danh_gia,
        hot,
        dang_chieu,
        sap_chieu,
        dien_vien_chinh,
        dao_dien
    )
VALUES
    (
        N'Lật Mặt 8: Vòng Tay Nắng',
        'https://www.youtube.com/embed/9Rj2V8qvKoc?si=hcPdHix27vJHWwOw',
        'https://iguov8nhvyobj.vcdn.cloud/media/catalog/product/cache/1/image/1800x/71252117777b696995f01934522c402d/l/m/lm-8.jpg',
        N'Một bộ phim về sự khác biệt quan điểm giữa ba thế hệ ông bà cha mẹ con cháu.
	Ai cũng đúng ở góc nhìn của mình nhưng đứng trước hoài bão của tuổi trẻ, cuối cùng thì ai sẽ là người phải nghe theo người còn lại?
	Và nếu ước mơ của những đứa trẻ bị cho là viển vông, thì cơ hội nào và bao giờ tuổi trẻ mới được tự quyết định tương lai của mình?',
        '2025-04-30',
        9,
        1,
        1,
        0,
        N'NSƯT Kim Phượng, Long Đẹp Trai, NSƯT Tuyết Thu, Quách Ngọc Tuyền, Đoàn Thế Vinh, Hồng Thu, Yuno Bigboi, Anh Tú Wilson, Bảo Ngọc, Tín Nguyễn, Hồ Đông Quân, Cherry Hải My, Rio Hạo Nhiên',
        N'Lý Hải'
    ),
    (
        N'Thunderbolts (Biệt Đội Sấm Sét)',
        'https://www.youtube.com/embed/Xhdvdro5n0o?si=WWnicgO-CgJKdrCN',
        'https://upload.wikimedia.org/wikipedia/vi/thumb/9/90/Thunderbolts%2A_poster.jpg/250px-Thunderbolts%2A_poster.jpg',
        N'Một nhóm siêu anh hùng mới được thành lập nhằm đối phó với mối đe dọa toàn cầu. Với sự góp mặt của các nhân vật như Florence Pugh và Sebastian Stan, phim mang đến các pha hành động mãn nhãn cùng cốt truyện đầy bất ngờ.',
        '2025-05-01',
        9,
        1,
        1,
        0,
        N'Florence Pugh, Sebastian Stan, David Harbour',
        N'Jake Schreier'
    ),
    (
        N'Holy Night: Demon Hunters (Đêm Thánh: Đội Săn Quỷ)',
        'https://www.youtube.com/embed/4iFwxYBjrMw?si=cvsG8xgZb4Inoa8H',
        'https://iguov8nhvyobj.vcdn.cloud/media/catalog/product/cache/1/image/1800x/71252117777b696995f01934522c402d/h/o/holy-night_main-poster_intl-001.jpg',
        N'Trong một đêm thánh linh thiêng, thế lực bóng tối trỗi dậy đe dọa nhân loại. Một đội săn quỷ được triệu tập để ngăn chặn sự kiện tận thế.',
        '2025-05-02',
        10,
        0,
        1,
        0,
        N'Ma Dong-seok, Seohyun, David Lee',
        N' Lim Dae-hee'
    ),
    (
        N'Yadang: The Snitch (Ba Mặt Lật Kèo)',
        'https://www.youtube.com/embed/AhvXh0Rv0_c?si=X13Q1ewgOiREhZZH',
        'https://encrypted-tbn0.gstatic.com/images?q=tbn:ANd9GcTE0yQgtaIIkdMKLs5r23tTxqRG1lIJMvHluQ&s',
        N'Một người đàn ông bị kéo vào cuộc chiến giữa tội ác và công lý khi ký ức đau thương trong quá khứ trỗi dậy. Những bí mật dần được hé lộ khiến khán giả căng thẳng theo dõi đến phút cuối.',
        '2025-04-25',
        10,
        0,
        1,
        0,
        N'Kang Ha-neul, Yoo Hae-jin, Park Hae-joon',
        N'Hwang Byeng-Gug'
    ),
    (
        N'The Stone: Buôn Thần Bán Thánh',
        'https://www.youtube.com/embed/LO0iW5sGizc?si=gU4_Tdoob-1LMs26',
        'https://encrypted-tbn0.gstatic.com/images?q=tbn:ANd9GcSDNp3iAEw9dmzqZa5Mg_oAgQv13GdnDS9VBQ&s',
        N'Một viên đá thần bí có khả năng ban phát quyền năng rơi vào tay kẻ xấu. Một người đàn ông mang trọng trách bảo vệ viên đá phải bước vào hành trình sinh tử để giữ cân bằng giữa thiện và ác.',
        '2025-04-20',
        10,
        0,
        1,
        0,
        N'Jaonaay Jinjett Wattanasin, Korranid Laosubinprasoet, Itkron Pungkiatrussamee, Chulachak Chakrabongse, Nappon Gomarachun',
        N'Pae Arak Amornsupasiri & Wutthiphong Sukanin'
    ),
    (
        N'Sinners: Tội Đồ',
        'https://www.youtube.com/embed/KQwChFH4YQk?si=vLS4AU4iEx6Ecffl',
        'https://encrypted-tbn0.gstatic.com/images?q=tbn:ANd9GcT5XaPtS67W9Eo35t0w-3hf7a7YxzhRWchqWg&s',
        N'Một nhóm người bị mắc kẹt trong căn nhà hoang. Khi đêm xuống, những tội lỗi trong quá khứ dần sống dậy và truy đuổi từng người một.',
        '2025-04-27',
        10,
        0,
        1,
        0,
        N' Hailee Steinfeld, Jack O Connell, Michael B. Jordan',
        ' Ryan Coogler'
    ),
    (
        N'Địa Đạo: Mặt Trời Trong Bóng Tối',
        'https://www.youtube.com/embed/m6i4uRiLEKU?si=XLDXCCddsMKv1XqT',
        'https://upload.wikimedia.org/wikipedia/vi/thumb/d/df/Diadao2024.jpg/250px-Diadao2024.jpg',
        N'Lấy bối cảnh hệ thống địa đạo thời kháng chiến, phim tái hiện các trận chiến sinh tử trong lòng đất và những câu chuyện về tinh thần chiến đấu bất khuất của người Việt Nam.',
        '2025-04-15',
        10,
        0,
        1,
        0,
        N'Thái Hòa; Quang Tuấn; Diễm Hằng Lamoon; Anh Tú Wilson; Hồ Thu Anh',
        N'Bùi Thạc Chuyên'
    ),
    (
        N'28 Years Later: 28 Năm Sau Tận Thế',
        'https://www.youtube.com/embed/VP8P9fmHu7E?si=cHXNPzWw_zXdFxEm',
        'https://iguov8nhvyobj.vcdn.cloud/media/catalog/product/cache/1/image/c5f0a1eff4c394a251036189ccddaacd/2/8/28yl_uk_online_1080x1350_black-hazard_05.jpg',
        N'Hơn hai thập kỷ sau sự kiện diệt vong, nhân loại bước vào thời kỳ mới đầy hỗn loạn. Những người sống sót phải vật lộn trong một thế giới nơi hy vọng và bóng tối giành giật nhau từng ngày.',
        '2025-06-05',
        10,
        1,
        0,
        1,
        N'Aaron Taylor-Johnson, Ralph Fiennes, Jodie Comer, Cillian Murphy',
        'Danny Boyle'
    ),
    (
        N'Dưới Đáy Hồ',
        'https://www.youtube.com/embed/aDpPc-sMThQ?si=3XNUfuy-ghbN3Ujl',
        'https://iguov8nhvyobj.vcdn.cloud/media/catalog/product/cache/3/image/c5f0a1eff4c394a251036189ccddaacd/t/e/teaser_poster_ddh_standard_.jpg',
        N'Một nhóm người đến cắm trại bên một hồ nước hoang vu. Khi màn đêm buông xuống, những hiện tượng kỳ lạ xuất hiện, dẫn dắt họ đến một bí ẩn được chôn giấu từ hàng chục năm trước dưới đáy hồ.',
        '2025-06-01',
        8,
        0,
        0,
        1,
        N'Karen Nguyễn, Kay Trần, Thanh Duy, Nguyên Thảo, Lâm Hoàng Oanh, Mạc Trung Kiên, Nguyễn Hữu Tiến,...',
        N'Trần Hữu Tấn'
    ),
    (
        N'Thám Tử Kiên: Kỳ Án Không Đầu',
        'https://www.youtube.com/embed/QiXNbEKF3U0?si=zKsMlXZrKsuIXWc4',
        'https://api-website.cinestar.com.vn/media/wysiwyg/Posters/04-2025/poster-tham-tu-kien.jpg',
        N'Một vụ án bí ẩn không có đầu mối, thám tử Kiên phải đối mặt với những thử thách chưa từng có để giải mã bí ẩn này.',
        '2025-04-28',
        10,
        0,
        1,
        0,
        N' Quốc Huy, Đinh Ngọc Diệp, Quốc Anh, Minh Anh, Anh Phạm',
        N'Victor Vũ'
    ),
    (
        N'Trạng Quỳnh Nhí: Truyền Thuyết Kim Ngưu',
        'https://www.youtube.com/embed/YQdA6Ou4xZk?si=JzXMPhhXacgXI5a0',
        'https://encrypted-tbn0.gstatic.com/images?q=tbn:ANd9GcS5iQ9tOPnu0kaLSxBCNMd_qo9zKk_BG2DGIg&s',
        N'Phiên bản nhí của Trạng Quỳnh với những câu chuyện hài hước, dí dỏm và bài học ý nghĩa dành cho thiếu nhi.',
        '2025-06-10',
        0,
        0,
        0,
        1,
        NULL,
        NULL
    ),
    (
        N'Dế Mèn: Cuộc Phiêu Lưu Tới Xóm Lầy Lội',
        'https://www.youtube.com/embed/Vwwsh0QxwIs?si=3VMUYbvuTr-__77V',
        'https://encrypted-tbn0.gstatic.com/images?q=tbn:ANd9GcQ-3KNrpp7G4kpQHwdA3u3kAP5B1Isv4L2fOg&s',
        N'Hành trình phiêu lưu đầy thú vị và ý nghĩa của Dế Mèn cùng những người bạn qua các vùng đất đầy nguy hiểm và bất ngờ.',
        '2025-06-15',
        0,
        0,
        0,
        1,
        N'Dế Mèn (Trần Hoàng Sơn), Dế Trũi (Thái Văn Minh Vũ), Gián Đệp (Nguyễn Anh Tuấn), Tổng Cóc (Thái Văn Minh Vũ), Đại Vương Ếch Cốm (Hồ Tiến Đạt), Bọ Râu Que (Lê Quang Tuyên), Bác Học Ruồi Giấm (Nguyễn Anh Tuấn)…',
        ' Mai Phương'
    ),
    (
        N'Năm Mười',
        'https://www.youtube.com/embed/UQIBqQjXYbo?si=Cxnx5y7FMI4OI3Sz',
        'https://iguov8nhvyobj.vcdn.cloud/media/catalog/product/cache/1/image/c5f0a1eff4c394a251036189ccddaacd/4/0/406x600-510.jpg',
        N'Một câu chuyện hồi hộp với nhiều tình tiết bất ngờ, khi một nhân vật phải đưa ra 50 lựa chọn sinh tử để cứu lấy người thân.',
        '2025-06-08',
        0,
        0,
        0,
        1,
        N'Trần Vân Anh, Trần Phong, Hồ Quang Mẫn',
        N'Tấn Hoàng Thông'
    ),
    (
        N'The Smurfs Movie: Phim Xì Trum',
        'https://www.youtube.com/embed/gTBE3iIQgMo?si=nAdSC07FvS3lPAZN',
        'https://thegioiblu-ray.com/resources/200ceb26807d6bf99fd6f4f0d1ca54d4/1%202D25G/4k-019.JPG',
        N'Những cuộc phiêu lưu mới của các chú Xì Trum trong thế giới thần tiên đầy màu sắc, vui nhộn và gắn kết gia đình.',
        '2025-06-12',
        0,
        0,
        0,
        1,
        NULL,
        NULL
    ),
    (
        N'The Bad Guys 2: Băng Đảng Quái Kiệt 2',
        'https://www.youtube.com/embed/ql1mh0P6shE?si=82Yf4tzPgApyGehP',
        'https://iguov8nhvyobj.vcdn.cloud/media/catalog/product/cache/1/image/c5f0a1eff4c394a251036189ccddaacd/4/7/470x700-badguys2.png',
        N'Tiếp tục hành trình của nhóm "quái kiệt" trong các phi vụ hài hước, phá án, và cải tà quy chính theo cách không ai ngờ tới.',
        '2025-06-18',
        0,
        0,
        0,
        1,
        NULL,
        'Pierre Perifel, JP Sans'
    ),
    (
        N'M3GAN 2.0',
        'https://www.youtube.com/embed/IYLHdEzsk1s?si=3P4Xv_ngSkDow2zG',
        'https://iguov8nhvyobj.vcdn.cloud/media/catalog/product/cache/1/image/c5f0a1eff4c394a251036189ccddaacd/m/g/mg2_mainposter_400x633.jpg',
        N'Phiên bản nâng cấp của robot M3GAN, thông minh hơn, nguy hiểm hơn. Một câu chuyện căng thẳng về ranh giới giữa công nghệ và đạo đức.',
        '2025-06-22',
        18,
        1,
        0,
        1,
        N'Jemaine Clement; Amie Donald; Allison Williams',
        'Gerard Johnstone'
    ),
    (
        N'How to Train Your Dragon: Bí Kíp Luyện Rồng',
        'https://www.youtube.com/embed/3pmnV-OQWXo?si=c3fnQeQ7GXuVsRED',
        'https://encrypted-tbn0.gstatic.com/images?q=tbn:ANd9GcSHD4y8_Xi5d-viPjnz0oxJwQlt9KslPJ-6BA&s',
        N'Hành trình huấn luyện rồng đầy cảm xúc của cậu bé Hiccup khi đối mặt với những thử thách về tình bạn và sự trưởng thành.',
        '2025-06-30',
        0,
        0,
        0,
        1,
        'Mason Thames, Nico Parker, Gerard Butler',
        'Dean DeBlois'
    ),
    (
        N'Jurassic World: Thế Giới Khủng Long Tái Sinh',
        'https://www.youtube.com/embed/sVGj40XDI-g?si=f5H0yj9oqYEZ_Cm3',
        'https://iguov8nhvyobj.vcdn.cloud/media/catalog/product/cache/1/image/c5f0a1eff4c394a251036189ccddaacd/j/w/jwr_teaser_470x700.jpg',
        N'Sự trở lại của thế giới khủng long với các cuộc phiêu lưu hoành tráng và trận chiến giữa con người và tự nhiên.',
        '2025-07-05',
        13,
        1,
        0,
        1,
        ' Scarlett Johansson, Mahershala Ali, Jonathan Bailey,',
        'Gareth Edwards'
    );

--INSERT THE LOAI
INSERT INTO
    TheLoai(ma_the_loai, ten_the_loai)
VALUES
    (1, N'Hành động'),
    (2, N'Tâm lý'),
    (3, N'Kinh dị'),
    (4, N'Phiêu lưu'),
    (5, N'Gia đình'),
    (6, N'Lịch sử'),
    (7, N'Hồi hộp'),
    (8, N'Thần thoại'),
    (9, N'Hài'),
    (10, N'Chính kịch'),
    (11, N'Khoa học viễn tưởng'),
    (12, N'Tình cảm'),
    (13, N'Hoạt hình'),
    (14, N'Âm nhạc'),
    (15, N'Chiến tranh'),
    (16, N'Tài liệu'),
    (17, N'Trinh thám'),
    (18, N'Viễn Tây'),
    (19, N'Tội phạm'),
    (20, N'Thể thao');

INSERT INTO
    Phim_TheLoai (ma_phim, ma_the_loai)
VALUES
    (1, 1),
    (1, 4),
    (6, 5),
    (6, 2),
    (2, 1),
    (2, 3),
    (2, 8),
    (3, 1),
    (4, 2),
    (4, 7),
    (5, 7),
    (5, 3),
    (5, 2),
    (7, 6),
    (8, 3),
    (8, 7),
    (9, 3),
    (10, 3),
    (11, 4),
    (11, 13),
    (12, 4),
    (12, 13),
    (13, 3),
    (14, 4),
    (14, 13),
    (15, 1),
    (15, 4),
    (17, 4),
    (17, 13),
    (17, 11),
    (18, 4),
    (18, 11),
    (16, 11),
    (16, 3);

INSERT INTO
    Banner (ma_banner, ma_phim, hinh_anh)
VALUES
    (
        1,
        1,
        'https://upload.wikimedia.org/wikipedia/vi/thumb/9/90/Thunderbolts%2A_poster.jpg/250px-Thunderbolts%2A_poster.jpg'
    ),
    (
        2,
        2,
        'https://iguov8nhvyobj.vcdn.cloud/media/catalog/product/cache/1/image/1800x/71252117777b696995f01934522c402d/h/o/holy-night_main-poster_intl-001.jpg'
    ),
    (
        3,
        3,
        'https://encrypted-tbn0.gstatic.com/images?q=tbn:ANd9GcTE0yQgtaIIkdMKLs5r23tTxqRG1lIJMvHluQ&s'
    ),
    (
        4,
        4,
        'https://encrypted-tbn0.gstatic.com/images?q=tbn:ANd9GcSDNp3iAEw9dmzqZa5Mg_oAgQv13GdnDS9VBQ&s'
    ),
    (
        5,
        5,
        'https://encrypted-tbn0.gstatic.com/images?q=tbn:ANd9GcT5XaPtS67W9Eo35t0w-3hf7a7YxzhRWchqWg&s'
    ),
    (
        6,
        6,
        'https://iguov8nhvyobj.vcdn.cloud/media/catalog/product/cache/1/image/1800x/71252117777b696995f01934522c402d/l/m/lm-8.jpg'
    ),
    (
        7,
        7,
        'https://upload.wikimedia.org/wikipedia/vi/thumb/d/df/Diadao2024.jpg/250px-Diadao2024.jpg'
    ),
    (
        8,
        8,
        'https://iguov8nhvyobj.vcdn.cloud/media/catalog/product/cache/1/image/c5f0a1eff4c394a251036189ccddaacd/2/8/28yl_uk_online_1080x1350_black-hazard_05.jpg'
    ),
    (
        9,
        9,
        'https://iguov8nhvyobj.vcdn.cloud/media/catalog/product/cache/3/image/c5f0a1eff4c394a251036189ccddaacd/t/e/teaser_poster_ddh_standard_.jpg'
    ),
    (
        10,
        10,
        'https://api-website.cinestar.com.vn/media/wysiwyg/Posters/04-2025/poster-tham-tu-kien.jpg'
    ),
    (
        11,
        11,
        'https://encrypted-tbn0.gstatic.com/images?q=tbn:ANd9GcS5iQ9tOPnu0kaLSxBCNMd_qo9zKk_BG2DGIg&s'
    ),
    (
        12,
        12,
        'https://encrypted-tbn0.gstatic.com/images?q=tbn:ANd9GcQ-3KNrpp7G4kpQHwdA3u3kAP5B1Isv4L2fOg&s'
    ),
    (
        13,
        13,
        'https://iguov8nhvyobj.vcdn.cloud/media/catalog/product/cache/1/image/c5f0a1eff4c394a251036189ccddaacd/4/0/406x600-510.jpg'
    ),
    (
        14,
        14,
        'https://thegioiblu-ray.com/resources/200ceb26807d6bf99fd6f4f0d1ca54d4/1%202D25G/4k-019.JPG'
    ),
    (
        15,
        15,
        'https://iguov8nhvyobj.vcdn.cloud/media/catalog/product/cache/1/image/c5f0a1eff4c394a251036189ccddaacd/4/7/470x700-badguys2.png'
    ),
    (
        16,
        16,
        'https://iguov8nhvyobj.vcdn.cloud/media/catalog/product/cache/1/image/c5f0a1eff4c394a251036189ccddaacd/m/g/mg2_mainposter_400x633.jpg'
    ),
    (
        17,
        17,
        'https://encrypted-tbn0.gstatic.com/images?q=tbn:ANd9GcSHD4y8_Xi5d-viPjnz0oxJwQlt9KslPJ-6BA&s'
    ),
    (
        18,
        18,
        'https://iguov8nhvyobj.vcdn.cloud/media/catalog/product/cache/1/image/c5f0a1eff4c394a251036189ccddaacd/j/w/jwr_teaser_470x700.jpg'
    );

--Insert nười dùng 
INSERT INTO
    NguoiDung (
        ten_tai_khoan,
        ho_ten,
        email,
        so_dt,
        mat_khau,
        loai_nguoi_dung
    )
VALUES
    (
        'admin1',
        N'Nguyễn Văn A',
        'admin1@example.com',
        '0912345678',
        'admin@123',
        'admin'
    ),
    (
        'user1',
        N'Lê Thị B',
        'le.b@example.com',
        '0934567890',
        'user@123',
        'user'
    ),
    (
        'user2',
        N'Trần Văn C',
        'tran.c@example.com',
        '0987654321',
        'user@123',
        'user'
    ),
    (
        'admin2',
        N'Hoàng Văn D',
        'hoang.d@example.com',
        '0978123456',
        'admin@123',
        'admin'
    ),
    (
        'user3',
        N'Phạm Thị E',
        'pham.e@example.com',
        '0944556677',
        'user@123',
        'user'
    ),
    (
        'user4',
        N'Vũ Minh F',
        'vu.f@example.com',
        '0966554433',
        'user@123',
        'user'
    ),
    (
        'user5',
        N'Bùi Thị G',
        'bui.g@example.com',
        '0933221100',
        'user@123',
        'user'
    ),
    (
        'user6',
        N'Huỳnh Văn H',
        'huynh.h@example.com',
        '0955667788',
        'user@123',
        'user'
    ),
    (
        'user7',
        N'Đặng Thị I',
        'dang.i@example.com',
        '0909090909',
        'user@123',
        'user'
    ),
    (
        'admin3',
        N'Ngô Thị K',
        'ngo.k@example.com',
        '0901122444',
        'admin@123',
        'admin'
    );

--insert bình luận 
INSERT INTO
    BinhLuan (ma_nguoi_dung, ma_phim, noi_dung)
VALUES
    (
        1,
        1,
        N'Thật sự ấn tượng với cách xây dựng nhân vật nữ chính.'
    ),
    (
        2,
        1,
        N'Một trải nghiệm điện ảnh khác biệt, tuy không dành cho số đông.'
    ),
    (
        3,
        1,
        N'Âm nhạc phim quá hay luôn, nghe xong muốn replay ngay.'
    ),
    (
        4,
        2,
        N'Phim hành động quá đỉnh, không có thời gian để chớp mắt.'
    ),
    (
        5,
        2,
        N'Vẫn còn sạn trong cốt truyện nhưng nhìn chung giải trí tốt.'
    ),
    (
        1,
        2,
        N'Phần CGI được làm chỉn chu, không thua gì phim Mỹ.'
    ),
    (
        2,
        3,
        N'Phim hơi rối ở đoạn giữa nhưng đoạn kết rất đã.'
    ),
    (
        3,
        3,
        N'Nam chính diễn xuất chưa thực sự thuyết phục.'
    ),
    (
        4,
        3,
        N'Cốt truyện phức tạp nhưng ai thích plot twist sẽ thích.'
    ),
    (
        5,
        4,
        N'Mình không hiểu phim muốn truyền tải thông điệp gì.'
    ),
    (1, 4, N'Thú vị, lạ lẫm và có chiều sâu.'),
    (
        2,
        4,
        N'Khá nghệ thuật, nhưng không dành cho người dễ buồn ngủ.'
    ),
    (
        3,
        5,
        N'Tội Đồ là phim Việt đầu tiên làm mình ám ảnh như vậy.'
    ),
    (
        4,
        5,
        N'Một pha kết thúc khiến mình ngồi ngẩn ngơ 10 phút.'
    ),
    (
        5,
        5,
        N'Thích cách đạo diễn chơi với ánh sáng và màu sắc.'
    ),
    (
        1,
        6,
        N'Lật Mặt 8 xem xong thấy muốn đi về quê luôn :)).'
    ),
    (
        2,
        6,
        N'Thông điệp gia đình vẫn là chủ đề mạnh của Lý Hải.'
    ),
    (
        3,
        6,
        N'Có đoạn hơi lê thê, nhưng nhìn chung tốt.'
    ),
    (
        4,
        7,
        N'Địa đạo Củ Chi được tái hiện rất chi tiết, xem cực kỳ xúc động.'
    ),
    (
        5,
        7,
        N'Phim giúp mình hiểu thêm về lịch sử Việt Nam.'
    ),
    (
        1,
        7,
        N'Khâu phục trang và tái hiện chiến tranh cực kỳ tốt.'
    ),
    (
        2,
        8,
        N'28 Years Later xứng đáng là bom tấn mùa hè năm nay.'
    ),
    (
        3,
        8,
        N'Mình là fan zombie nên cực kỳ phấn khích.'
    ),
    (4, 8, N'Tình tiết nhanh, gọn, không dài dòng.'),
    (
        5,
        9,
        N'Dưới Đáy Hồ khiến mình giật mình mấy lần.'
    ),
    (
        1,
        9,
        N'Phim xây dựng không khí rùng rợn rất tốt.'
    ),
    (2, 9, N'Không hù dọa rẻ tiền, rất chất lượng.'),
    (
        3,
        10,
        N'Một phim trinh thám Việt đáng để ủng hộ.'
    ),
    (
        4,
        10,
        N'Cách phá án hợp lý, nhân vật thông minh.'
    ),
    (5, 10, N'Xem mà cứ nghĩ đến Conan bản Việt.'),
    (
        1,
        11,
        N'Trạng Quỳnh nhí dễ thương, xem cùng gia đình rất ổn.'
    ),
    (2, 11, N'Hài hước đúng chất Tết.'),
    (3, 11, N'Trẻ con cười suốt phim.'),
    (
        4,
        12,
        N'Phim hoạt hình có chất lượng vượt kỳ vọng.'
    ),
    (5, 12, N'Kỹ xảo tốt, nội dung nhân văn.'),
    (
        1,
        12,
        N'Muốn có thêm nhiều phim hoạt hình Việt như vậy.'
    ),
    (
        2,
        13,
        N'Năm Mười twist như phim Mỹ, quá bất ngờ.'
    ),
    (3, 13, N'Cái kết khiến mình suy nghĩ mãi.'),
    (4, 13, N'Diễn xuất của dàn cast nữ quá đỉnh.'),
    (5, 14, N'Xì Trum vẫn dễ thương như hồi bé xem.'),
    (1, 14, N'Phim phù hợp cho gia đình có con nhỏ.'),
    (
        2,
        14,
        N'Mình là người lớn mà vẫn cười như điên.'
    ),
    (3, 15, N'Hài hước, nhẹ nhàng, dễ chịu.'),
    (
        4,
        15,
        N'Có thể đoán trước được nhưng vẫn thích.'
    ),
    (5, 15, N'Xem giải trí cuối tuần quá ổn.'),
    (
        1,
        16,
        N'M3GAN phần mới quá kinh dị, đúng gu mình luôn.'
    ),
    (2, 16, N'Không dành cho người yếu tim.'),
    (
        3,
        16,
        N'Nội dung hấp dẫn, không chỉ đơn thuần hù dọa.'
    ),
    (
        4,
        17,
        N'Bí Kíp Luyện Rồng bản live action làm mình rơi nước mắt.'
    ),
    (
        5,
        17,
        N'Tình cảm người và rồng vẫn đầy cảm xúc như bản gốc.'
    ),
    (
        1,
        18,
        N'Jurassic mới mãn nhãn thật sự, nhưng nội dung bình thường.'
    ),
    (
        2,
        18,
        N'Vẫn hấp dẫn như những phần trước, nhạc nền quá hoành tráng.'
    );

-- Insert HeThongRap
INSERT INTO
    HeThongRap (ma_he_thong_rap, ten_he_thong_rap, logo)
VALUES
    -- sửa lại link logo
    (
        1,
        N'CGV Cinemas',
        'https://www.cgv.vn/media/logo/cgv-logo.png'
    ),
    (
        2,
        N'Lotte Cinema',
        'https://lottecinemavn.com/images/lotte-logo.png'
    ),
    (
        3,
        N'BHD Star Cineplex',
        'https://www.bhdstar.vn/wp-content/themes/bhd/assets/images/logo.png'
    ),
    (
        4,
        N'Mega GS Cinemas',
        'https://www.megagscinemas.vn/themes/mgs/images/logo.png'
    ),
    (
        5,
        N'Galaxy Cinema',
        'https://www.galaxycine.vn/media/2020/6/8/logo-galaxy_1591590944102.png'
    ),
    (
        6,
        N'CineStar',
        'https://cinestar.com.vn/pictures/moi/03LogoCineStar.png'
    ),
    (
        7,
        N'Beta Cinemas',
        'https://betacinemas.vn/Assets/Common/logo.png'
    );

--INSERT CumRap
INSERT INTO
    CumRap (
        ma_cum_rap,
        ten_cum_rap,
        dia_chi,
        ma_he_thong_rap
    )
VALUES
    -- CGV Cinemas
    (
        1,
        N'CGV Vincom Đồng Khởi',
        N'116 Đồng Khởi, Quận 1, TP.HCM',
        1
    ),
    (
        2,
        N'CGV Aeon Mall Bình Dương',
        N'Aeon Mall, Thuận An, Bình Dương',
        1
    ),
    -- Lotte Cinema
    (
        3,
        N'Lotte Cinema Hà Nội',
        N'54 Liễu Giai, Ba Đình, Hà Nội',
        2
    ),
    (
        4,
        N'Lotte Cinema Đà Nẵng',
        N'6 Tháng 3, Quận Hải Châu, Đà Nẵng',
        2
    ),
    -- BHD Star Cineplex
    (
        5,
        N'BHD Star Cần Thơ',
        N'3/2, Ninh Kiều, Cần Thơ',
        3
    ),
    (
        6,
        N'BHD Star Hải Phòng',
        N'Lê Lợi, Ngô Quyền, Hải Phòng',
        3
    ),
    -- Mega GS Cinemas
    (
        7,
        N'Mega GS Vinh',
        N'Nguyễn Văn Cừ, TP Vinh, Nghệ An',
        4
    ),
    (
        8,
        N'Mega GS Nha Trang',
        N'Lý Tự Trọng, Nha Trang, Khánh Hòa',
        4
    ),
    -- Galaxy Cinema
    (
        9,
        N'Galaxy Buôn Ma Thuột',
        N'Phan Chu Trinh, Buôn Ma Thuột, Đắk Lắk',
        5
    ),
    (
        10,
        N'Galaxy Thanh Hóa',
        N'Phan Chu Trinh, Thanh Hóa',
        5
    ),
    -- CineStar
    (
        11,
        N'CineStar Quy Nhơn',
        N'Nguyễn Huệ, Quy Nhơn, Bình Định',
        6
    ),
    (
        12,
        N'CineStar Hải Dương',
        N'Lê Lợi, Hải Dương',
        6
    ),
    -- Beta Cinemas
    (
        13,
        N'Beta Cinemas Thái Nguyên',
        N'Phan Đình Phùng, Thái Nguyên',
        7
    ),
    (
        14,
        N'Beta Cinemas Vũng Tàu',
        N'Bình Giã, Vũng Tàu',
        7
    );

--INSERT RapPhim
INSERT INTO
    RapPhim (ma_rap, ten_rap, ma_cum_rap)
VALUES
    -- CumRap 1 (CGV Vincom Đồng Khởi)
    (1, N'Rạp CGV Vincom Đồng Khởi 1', 1),
    (2, N'Rạp CGV Vincom Đồng Khởi 2', 1),
    (3, N'Rạp CGV Vincom Đồng Khởi 3', 1),
    -- CumRap 2 (CGV Aeon Mall Bình Dương)
    (4, N'Rạp CGV Aeon Mall Bình Dương 1', 2),
    (5, N'Rạp CGV Aeon Mall Bình Dương 2', 2),
    -- CumRap 3 (Lotte Cinema Hà Nội)
    (6, N'Rạp Lotte Hà Nội 1', 3),
    (7, N'Rạp Lotte Hà Nội 2', 3),
    -- CumRap 4 (Lotte Cinema Đà Nẵng)
    (8, N'Rạp Lotte Đà Nẵng 1', 4),
    (9, N'Rạp Lotte Đà Nẵng 2', 4),
    -- CumRap 5 (BHD Star Cần Thơ)
    (10, N'Rạp BHD Cần Thơ 1', 5),
    (11, N'Rạp BHD Cần Thơ 2', 5),
    -- CumRap 6 (BHD Star Hải Phòng)
    (12, N'Rạp BHD Hải Phòng 1', 6),
    (13, N'Rạp BHD Hải Phòng 2', 6),
    -- CumRap 7 (Mega GS Vinh)
    (14, N'Mega GS Vinh 1', 7),
    (15, N'Mega GS Vinh 2', 7),
    -- CumRap 8 (Mega GS Nha Trang)
    (16, N'Mega GS Nha Trang 1', 8),
    (17, N'Mega GS Nha Trang 2', 8),
    -- CumRap 9 (Galaxy Buôn Ma Thuột)
    (18, N'Galaxy Buôn Ma Thuột 1', 9),
    (19, N'Galaxy Buôn Ma Thuột 2', 9),
    -- CumRap 10 (Galaxy Thanh Hóa)
    (20, N'Galaxy Thanh Hóa 1', 10),
    (21, N'Galaxy Thanh Hóa 2', 10),
    -- CumRap 11 (CineStar Quy Nhơn)
    (22, N'CineStar Quy Nhơn 1', 11),
    (23, N'CineStar Quy Nhơn 2', 11),
    -- CumRap 12 (CineStar Hải Dương)
    (24, N'CineStar Hải Dương 1', 12),
    (25, N'CineStar Hải Dương 2', 12),
    -- CumRap 13 (Beta Cinemas Thái Nguyên)
    (26, N'Beta Thái Nguyên 1', 13),
    (27, N'Beta Thái Nguyên 2', 13),
    -- CumRap 14 (Beta Cinemas Vũng Tàu)
    (28, N'Beta Vũng Tàu 1', 14),
    (29, N'Beta Vũng Tàu 2', 14),
    (30, N'Beta Vũng Tàu 3', 14);

--INSERT Ghe
-- Ghế cho rạp ma_rap = 1
INSERT INTO
    Ghe (ma_ghe, ten_ghe, loai_ghe, ma_rap)
VALUES
    (1, 'A1', 'VIP', 1),
    (2, 'A2', 'VIP', 1),
    (3, 'A3', 'VIP', 1),
    (4, 'A4', 'VIP', 1),
    (5, 'A5', 'VIP', 1),
    (6, 'A6', N'Thường', 1),
    (7, 'A7', N'Thường', 1),
    (8, 'A8', N'Thường', 1),
    (9, 'A9', N'Thường', 1),
    (10, 'A10', N'Thường', 1),
    (11, 'B1', N'Thường', 1),
    (12, 'B2', N'Thường', 1),
    (13, 'B3', N'Thường', 1),
    (14, 'B4', N'Thường', 1),
    (15, 'B5', N'Thường', 1),
    (16, 'B6', N'Thường', 1),
    (17, 'B7', N'Thường', 1),
    (18, 'B8', N'Thường', 1),
    (19, 'B9', N'Thường', 1),
    (20, 'B10', N'Thường', 1),
    (21, 'C1', N'Thường', 1),
    (22, 'C2', N'Thường', 1),
    (23, 'C3', N'Thường', 1),
    (24, 'C4', N'Thường', 1),
    (25, 'C5', N'Thường', 1),
    (26, 'C6', N'Thường', 1),
    (27, 'C7', N'Thường', 1),
    (28, 'C8', N'Thường', 1),
    (29, 'C9', N'Thường', 1),
    (30, 'C10', N'Thường', 1),
    (31, 'D1', 'VIP', 1),
    (32, 'D2', 'VIP', 1),
    (33, 'D3', 'VIP', 1),
    (34, 'D4', 'VIP', 1),
    (35, 'D5', 'VIP', 1),
    (36, 'D6', N'Thường', 1),
    (37, 'D7', N'Thường', 1),
    (38, 'D8', N'Thường', 1),
    (39, 'D9', N'Thường', 1),
    (40, 'D10', N'Thường', 1);

-- Ghế cho rạp ma_rap = 2
INSERT INTO
    Ghe (ma_ghe, ten_ghe, loai_ghe, ma_rap)
VALUES
    (41, 'A1', 'VIP', 2),
    (42, 'A2', 'VIP', 2),
    (43, 'A3', 'VIP', 2),
    (44, 'A4', 'VIP', 2),
    (45, 'A5', 'VIP', 2),
    (46, 'A6', N'Thường', 2),
    (47, 'A7', N'Thường', 2),
    (48, 'A8', N'Thường', 2),
    (49, 'A9', N'Thường', 2),
    (50, 'A10', N'Thường', 2),
    (51, 'B1', N'Thường', 2),
    (52, 'B2', N'Thường', 2),
    (53, 'B3', N'Thường', 2),
    (54, 'B4', N'Thường', 2),
    (55, 'B5', N'Thường', 2),
    (56, 'B6', N'Thường', 2),
    (57, 'B7', N'Thường', 2),
    (58, 'B8', N'Thường', 2),
    (59, 'B9', N'Thường', 2),
    (60, 'B10', N'Thường', 2),
    (61, 'C1', N'Thường', 2),
    (62, 'C2', N'Thường', 2),
    (63, 'C3', N'Thường', 2),
    (64, 'C4', N'Thường', 2),
    (65, 'C5', N'Thường', 2),
    (66, 'C6', N'Thường', 2),
    (67, 'C7', N'Thường', 2),
    (68, 'C8', N'Thường', 2),
    (69, 'C9', N'Thường', 2),
    (70, 'C10', N'Thường', 2),
    (71, 'D1', 'VIP', 2),
    (72, 'D2', 'VIP', 2),
    (73, 'D3', 'VIP', 2),
    (74, 'D4', 'VIP', 2),
    (75, 'D5', 'VIP', 2),
    (76, 'D6', N'Thường', 2),
    (77, 'D7', N'Thường', 2),
    (78, 'D8', N'Thường', 2),
    (79, 'D9', N'Thường', 2),
    (80, 'D10', N'Thường', 2);

-- Ghế cho rạp ma_rap = 3
INSERT INTO
    Ghe (ma_ghe, ten_ghe, loai_ghe, ma_rap)
VALUES
    (81, 'A1', 'VIP', 3),
    (82, 'A2', 'VIP', 3),
    (83, 'A3', 'VIP', 3),
    (84, 'A4', 'VIP', 3),
    (85, 'A5', 'VIP', 3),
    (86, 'A6', N'Thường', 3),
    (87, 'A7', N'Thường', 3),
    (88, 'A8', N'Thường', 3),
    (89, 'A9', N'Thường', 3),
    (90, 'A10', N'Thường', 3),
    (91, 'B1', N'Thường', 3),
    (92, 'B2', N'Thường', 3),
    (93, 'B3', N'Thường', 3),
    (94, 'B4', N'Thường', 3),
    (95, 'B5', N'Thường', 3),
    (96, 'B6', N'Thường', 3),
    (97, 'B7', N'Thường', 3),
    (98, 'B8', N'Thường', 3),
    (99, 'B9', N'Thường', 3),
    (100, 'B10', N'Thường', 3),
    (101, 'C1', N'Thường', 3),
    (102, 'C2', N'Thường', 3),
    (103, 'C3', N'Thường', 3),
    (104, 'C4', N'Thường', 3),
    (105, 'C5', N'Thường', 3),
    (106, 'C6', N'Thường', 3),
    (107, 'C7', N'Thường', 3),
    (108, 'C8', N'Thường', 3),
    (109, 'C9', N'Thường', 3),
    (110, 'C10', N'Thường', 3),
    (111, 'D1', 'VIP', 3),
    (112, 'D2', 'VIP', 3),
    (113, 'D3', 'VIP', 3),
    (114, 'D4', 'VIP', 3),
    (115, 'D5', 'VIP', 3),
    (116, 'D6', N'Thường', 3),
    (117, 'D7', N'Thường', 3),
    (118, 'D8', N'Thường', 3),
    (119, 'D9', N'Thường', 3),
    (120, 'D10', N'Thường', 3);

-- Ghế cho các rạp ma_rap = 4 đến 15
INSERT INTO
    Ghe (ma_ghe, ten_ghe, loai_ghe, ma_rap)
VALUES
    -- ma_rap = 4
    (121, 'A1', 'VIP', 4),
    (122, 'A2', 'VIP', 4),
    (123, 'A3', 'VIP', 4),
    (124, 'A4', 'VIP', 4),
    (125, 'A5', 'VIP', 4),
    (126, 'A6', N'Thường', 4),
    (127, 'A7', N'Thường', 4),
    (128, 'A8', N'Thường', 4),
    (129, 'A9', N'Thường', 4),
    (130, 'A10', N'Thường', 4),
    (131, 'B1', N'Thường', 4),
    (132, 'B2', N'Thường', 4),
    (133, 'B3', N'Thường', 4),
    (134, 'B4', N'Thường', 4),
    (135, 'B5', N'Thường', 4),
    (136, 'B6', N'Thường', 4),
    (137, 'B7', N'Thường', 4),
    (138, 'B8', N'Thường', 4),
    (139, 'B9', N'Thường', 4),
    (140, 'B10', N'Thường', 4),
    (141, 'C1', N'Thường', 4),
    (142, 'C2', N'Thường', 4),
    (143, 'C3', N'Thường', 4),
    (144, 'C4', N'Thường', 4),
    (145, 'C5', N'Thường', 4),
    (146, 'C6', N'Thường', 4),
    (147, 'C7', N'Thường', 4),
    (148, 'C8', N'Thường', 4),
    (149, 'C9', N'Thường', 4),
    (150, 'C10', N'Thường', 4),
    (151, 'D1', 'VIP', 4),
    (152, 'D2', 'VIP', 4),
    (153, 'D3', 'VIP', 4),
    (154, 'D4', 'VIP', 4),
    (155, 'D5', 'VIP', 4),
    (156, 'D6', N'Thường', 4),
    (157, 'D7', N'Thường', 4),
    (158, 'D8', N'Thường', 4),
    (159, 'D9', N'Thường', 4),
    (160, 'D10', N'Thường', 4),
    -- ma_rap = 5
    (161, 'A1', 'VIP', 5),
    (162, 'A2', 'VIP', 5),
    (163, 'A3', 'VIP', 5),
    (164, 'A4', 'VIP', 5),
    (165, 'A5', 'VIP', 5),
    (166, 'A6', N'Thường', 5),
    (167, 'A7', N'Thường', 5),
    (168, 'A8', N'Thường', 5),
    (169, 'A9', N'Thường', 5),
    (170, 'A10', N'Thường', 5),
    (171, 'B1', N'Thường', 5),
    (172, 'B2', N'Thường', 5),
    (173, 'B3', N'Thường', 5),
    (174, 'B4', N'Thường', 5),
    (175, 'B5', N'Thường', 5),
    (176, 'B6', N'Thường', 5),
    (177, 'B7', N'Thường', 5),
    (178, 'B8', N'Thường', 5),
    (179, 'B9', N'Thường', 5),
    (180, 'B10', N'Thường', 5),
    (181, 'C1', N'Thường', 5),
    (182, 'C2', N'Thường', 5),
    (183, 'C3', N'Thường', 5),
    (184, 'C4', N'Thường', 5),
    (185, 'C5', N'Thường', 5),
    (186, 'C6', N'Thường', 5),
    (187, 'C7', N'Thường', 5),
    (188, 'C8', N'Thường', 5),
    (189, 'C9', N'Thường', 5),
    (190, 'C10', N'Thường', 5),
    (191, 'D1', 'VIP', 5),
    (192, 'D2', 'VIP', 5),
    (193, 'D3', 'VIP', 5),
    (194, 'D4', 'VIP', 5),
    (195, 'D5', 'VIP', 5),
    (196, 'D6', N'Thường', 5),
    (197, 'D7', N'Thường', 5),
    (198, 'D8', N'Thường', 5),
    (199, 'D9', N'Thường', 5),
    (200, 'D10', N'Thường', 5),
    -- ma_rap = 6
    (201, 'A1', 'VIP', 6),
    (202, 'A2', 'VIP', 6),
    (203, 'A3', 'VIP', 6),
    (204, 'A4', 'VIP', 6),
    (205, 'A5', 'VIP', 6),
    (206, 'A6', N'Thường', 6),
    (207, 'A7', N'Thường', 6),
    (208, 'A8', N'Thường', 6),
    (209, 'A9', N'Thường', 6),
    (210, 'A10', N'Thường', 6),
    (211, 'B1', N'Thường', 6),
    (212, 'B2', N'Thường', 6),
    (213, 'B3', N'Thường', 6),
    (214, 'B4', N'Thường', 6),
    (215, 'B5', N'Thường', 6),
    (216, 'B6', N'Thường', 6),
    (217, 'B7', N'Thường', 6),
    (218, 'B8', N'Thường', 6),
    (219, 'B9', N'Thường', 6),
    (220, 'B10', N'Thường', 6),
    (221, 'C1', N'Thường', 6),
    (222, 'C2', N'Thường', 6),
    (223, 'C3', N'Thường', 6),
    (224, 'C4', N'Thường', 6),
    (225, 'C5', N'Thường', 6),
    (226, 'C6', N'Thường', 6),
    (227, 'C7', N'Thường', 6),
    (228, 'C8', N'Thường', 6),
    (229, 'C9', N'Thường', 6),
    (230, 'C10', N'Thường', 6),
    (231, 'D1', 'VIP', 6),
    (232, 'D2', 'VIP', 6),
    (233, 'D3', 'VIP', 6),
    (234, 'D4', 'VIP', 6),
    (235, 'D5', 'VIP', 6),
    (236, 'D6', N'Thường', 6),
    (237, 'D7', N'Thường', 6),
    (238, 'D8', N'Thường', 6),
    (239, 'D9', N'Thường', 6),
    (240, 'D10', N'Thường', 6),
    -- ma_rap = 7
    (241, 'A1', 'VIP', 7),
    (242, 'A2', 'VIP', 7),
    (243, 'A3', 'VIP', 7),
    (244, 'A4', 'VIP', 7),
    (245, 'A5', 'VIP', 7),
    (246, 'A6', N'Thường', 7),
    (247, 'A7', N'Thường', 7),
    (248, 'A8', N'Thường', 7),
    (249, 'A9', N'Thường', 7),
    (250, 'A10', N'Thường', 7),
    (251, 'B1', N'Thường', 7),
    (252, 'B2', N'Thường', 7),
    (253, 'B3', N'Thường', 7),
    (254, 'B4', N'Thường', 7),
    (255, 'B5', N'Thường', 7),
    (256, 'B6', N'Thường', 7),
    (257, 'B7', N'Thường', 7),
    (258, 'B8', N'Thường', 7),
    (259, 'B9', N'Thường', 7),
    (260, 'B10', N'Thường', 7),
    (261, 'C1', N'Thường', 7),
    (262, 'C2', N'Thường', 7),
    (263, 'C3', N'Thường', 7),
    (264, 'C4', N'Thường', 7),
    (265, 'C5', N'Thường', 7),
    (266, 'C6', N'Thường', 7),
    (267, 'C7', N'Thường', 7),
    (268, 'C8', N'Thường', 7),
    (269, 'C9', N'Thường', 7),
    (270, 'C10', N'Thường', 7),
    (271, 'D1', 'VIP', 7),
    (272, 'D2', 'VIP', 7),
    (273, 'D3', 'VIP', 7),
    (274, 'D4', 'VIP', 7),
    (275, 'D5', 'VIP', 7),
    (276, 'D6', N'Thường', 7),
    (277, 'D7', N'Thường', 7),
    (278, 'D8', N'Thường', 7),
    (279, 'D9', N'Thường', 7),
    (280, 'D10', N'Thường', 7),
    -- ma_rap = 8
    (281, 'A1', 'VIP', 8),
    (282, 'A2', 'VIP', 8),
    (283, 'A3', 'VIP', 8),
    (284, 'A4', 'VIP', 8),
    (285, 'A5', 'VIP', 8),
    (286, 'A6', N'Thường', 8),
    (287, 'A7', N'Thường', 8),
    (288, 'A8', N'Thường', 8),
    (289, 'A9', N'Thường', 8),
    (290, 'A10', N'Thường', 8),
    (291, 'B1', N'Thường', 8),
    (292, 'B2', N'Thường', 8),
    (293, 'B3', N'Thường', 8),
    (294, 'B4', N'Thường', 8),
    (295, 'B5', N'Thường', 8),
    (296, 'B6', N'Thường', 8),
    (297, 'B7', N'Thường', 8),
    (298, 'B8', N'Thường', 8),
    (299, 'B9', N'Thường', 8),
    (300, 'B10', N'Thường', 8),
    (301, 'C1', N'Thường', 8),
    (302, 'C2', N'Thường', 8),
    (303, 'C3', N'Thường', 8),
    (304, 'C4', N'Thường', 8),
    (305, 'C5', N'Thường', 8),
    (306, 'C6', N'Thường', 8),
    (307, 'C7', N'Thường', 8),
    (308, 'C8', N'Thường', 8),
    (309, 'C9', N'Thường', 8),
    (310, 'C10', N'Thường', 8),
    (311, 'D1', 'VIP', 8),
    (312, 'D2', 'VIP', 8),
    (313, 'D3', 'VIP', 8),
    (314, 'D4', 'VIP', 8),
    (315, 'D5', 'VIP', 8),
    (316, 'D6', N'Thường', 8),
    (317, 'D7', N'Thường', 8),
    (318, 'D8', N'Thường', 8),
    (319, 'D9', N'Thường', 8),
    (320, 'D10', N'Thường', 8),
    -- ma_rap = 9
    (321, 'A1', 'VIP', 9),
    (322, 'A2', 'VIP', 9),
    (323, 'A3', 'VIP', 9),
    (324, 'A4', 'VIP', 9),
    (325, 'A5', 'VIP', 9),
    (326, 'A6', N'Thường', 9),
    (327, 'A7', N'Thường', 9),
    (328, 'A8', N'Thường', 9),
    (329, 'A9', N'Thường', 9),
    (330, 'A10', N'Thường', 9),
    (331, 'B1', N'Thường', 9),
    (332, 'B2', N'Thường', 9),
    (333, 'B3', N'Thường', 9),
    (334, 'B4', N'Thường', 9),
    (335, 'B5', N'Thường', 9),
    (336, 'B6', N'Thường', 9),
    (337, 'B7', N'Thường', 9),
    (338, 'B8', N'Thường', 9),
    (339, 'B9', N'Thường', 9),
    (340, 'B10', N'Thường', 9),
    (341, 'C1', N'Thường', 9),
    (342, 'C2', N'Thường', 9),
    (343, 'C3', N'Thường', 9),
    (344, 'C4', N'Thường', 9),
    (345, 'C5', N'Thường', 9),
    (346, 'C6', N'Thường', 9),
    (347, 'C7', N'Thường', 9),
    (348, 'C8', N'Thường', 9),
    (349, 'C9', N'Thường', 9),
    (350, 'C10', N'Thường', 9),
    (351, 'D1', 'VIP', 9),
    (352, 'D2', 'VIP', 9),
    (353, 'D3', 'VIP', 9),
    (354, 'D4', 'VIP', 9),
    (355, 'D5', 'VIP', 9),
    (356, 'D6', N'Thường', 9),
    (357, 'D7', N'Thường', 9),
    (358, 'D8', N'Thường', 9),
    (359, 'D9', N'Thường', 9),
    (360, 'D10', N'Thường', 9),
    -- ma_rap = 10
    (361, 'A1', 'VIP', 10),
    (362, 'A2', 'VIP', 10),
    (363, 'A3', 'VIP', 10),
    (364, 'A4', 'VIP', 10),
    (365, 'A5', 'VIP', 10),
    (366, 'A6', N'Thường', 10),
    (367, 'A7', N'Thường', 10),
    (368, 'A8', N'Thường', 10),
    (369, 'A9', N'Thường', 10),
    (370, 'A10', N'Thường', 10),
    (371, 'B1', N'Thường', 10),
    (372, 'B2', N'Thường', 10),
    (373, 'B3', N'Thường', 10),
    (374, 'B4', N'Thường', 10),
    (375, 'B5', N'Thường', 10),
    (376, 'B6', N'Thường', 10),
    (377, 'B7', N'Thường', 10),
    (378, 'B8', N'Thường', 10),
    (379, 'B9', N'Thường', 10),
    (380, 'B10', N'Thường', 10),
    (381, 'C1', N'Thường', 10),
    (382, 'C2', N'Thường', 10),
    (383, 'C3', N'Thường', 10),
    (384, 'C4', N'Thường', 10),
    (385, 'C5', N'Thường', 10),
    (386, 'C6', N'Thường', 10),
    (387, 'C7', N'Thường', 10),
    (388, 'C8', N'Thường', 10),
    (389, 'C9', N'Thường', 10),
    (390, 'C10', N'Thường', 10),
    (391, 'D1', 'VIP', 10),
    (392, 'D2', 'VIP', 10),
    (393, 'D3', 'VIP', 10),
    (394, 'D4', 'VIP', 10),
    (395, 'D5', 'VIP', 10),
    (396, 'D6', N'Thường', 10),
    (397, 'D7', N'Thường', 10),
    (398, 'D8', N'Thường', 10),
    (399, 'D9', N'Thường', 10),
    (400, 'D10', N'Thường', 10),
    -- ma_rap = 11
    (401, 'A1', 'VIP', 11),
    (402, 'A2', 'VIP', 11),
    (403, 'A3', 'VIP', 11),
    (404, 'A4', 'VIP', 11),
    (405, 'A5', 'VIP', 11),
    (406, 'A6', N'Thường', 11),
    (407, 'A7', N'Thường', 11),
    (408, 'A8', N'Thường', 11),
    (409, 'A9', N'Thường', 11),
    (410, 'A10', N'Thường', 11),
    (411, 'B1', N'Thường', 11),
    (412, 'B2', N'Thường', 11),
    (413, 'B3', N'Thường', 11),
    (414, 'B4', N'Thường', 11),
    (415, 'B5', N'Thường', 11),
    (416, 'B6', N'Thường', 11),
    (417, 'B7', N'Thường', 11),
    (418, 'B8', N'Thường', 11),
    (419, 'B9', N'Thường', 11),
    (420, 'B10', N'Thường', 11),
    (421, 'C1', N'Thường', 11),
    (422, 'C2', N'Thường', 11),
    (423, 'C3', N'Thường', 11),
    (424, 'C4', N'Thường', 11),
    (425, 'C5', N'Thường', 11),
    (426, 'C6', N'Thường', 11),
    (427, 'C7', N'Thường', 11),
    (428, 'C8', N'Thường', 11),
    (429, 'C9', N'Thường', 11),
    (430, 'C10', N'Thường', 11),
    (431, 'D1', 'VIP', 11),
    (432, 'D2', 'VIP', 11),
    (433, 'D3', 'VIP', 11),
    (434, 'D4', 'VIP', 11),
    (435, 'D5', 'VIP', 11),
    (436, 'D6', N'Thường', 11),
    (437, 'D7', N'Thường', 11),
    (438, 'D8', N'Thường', 11),
    (439, 'D9', N'Thường', 11),
    (440, 'D10', N'Thường', 11),
    -- ma_rap = 12
    (441, 'A1', 'VIP', 12),
    (442, 'A2', 'VIP', 12),
    (443, 'A3', 'VIP', 12),
    (444, 'A4', 'VIP', 12),
    (445, 'A5', 'VIP', 12),
    (446, 'A6', N'Thường', 12),
    (447, 'A7', N'Thường', 12),
    (448, 'A8', N'Thường', 12),
    (449, 'A9', N'Thường', 12),
    (450, 'A10', N'Thường', 12),
    (451, 'B1', N'Thường', 12),
    (452, 'B2', N'Thường', 12),
    (453, 'B3', N'Thường', 12),
    (454, 'B4', N'Thường', 12),
    (455, 'B5', N'Thường', 12),
    (456, 'B6', N'Thường', 12),
    (457, 'B7', N'Thường', 12),
    (458, 'B8', N'Thường', 12),
    (459, 'B9', N'Thường', 12),
    (460, 'B10', N'Thường', 12),
    (461, 'C1', N'Thường', 12),
    (462, 'C2', N'Thường', 12),
    (463, 'C3', N'Thường', 12),
    (464, 'C4', N'Thường', 12),
    (465, 'C5', N'Thường', 12),
    (466, 'C6', N'Thường', 12),
    (467, 'C7', N'Thường', 12),
    (468, 'C8', N'Thường', 12),
    (469, 'C9', N'Thường', 12),
    (470, 'C10', N'Thường', 12),
    (471, 'D1', 'VIP', 12),
    (472, 'D2', 'VIP', 12),
    (473, 'D3', 'VIP', 12),
    (474, 'D4', 'VIP', 12),
    (475, 'D5', 'VIP', 12),
    (476, 'D6', N'Thường', 12),
    (477, 'D7', N'Thường', 12),
    (478, 'D8', N'Thường', 12),
    (479, 'D9', N'Thường', 12),
    (480, 'D10', N'Thường', 12),
    -- ma_rap = 13
    (481, 'A1', 'VIP', 13),
    (482, 'A2', 'VIP', 13),
    (483, 'A3', 'VIP', 13),
    (484, 'A4', 'VIP', 13),
    (485, 'A5', 'VIP', 13),
    (486, 'A6', N'Thường', 13),
    (487, 'A7', N'Thường', 13),
    (488, 'A8', N'Thường', 13),
    (489, 'A9', N'Thường', 13),
    (490, 'A10', N'Thường', 13),
    (491, 'B1', N'Thường', 13),
    (492, 'B2', N'Thường', 13),
    (493, 'B3', N'Thường', 13),
    (494, 'B4', N'Thường', 13),
    (495, 'B5', N'Thường', 13),
    (496, 'B6', N'Thường', 13),
    (497, 'B7', N'Thường', 13),
    (498, 'B8', N'Thường', 13),
    (499, 'B9', N'Thường', 13),
    (500, 'B10', N'Thường', 13),
    (501, 'C1', N'Thường', 13),
    (502, 'C2', N'Thường', 13),
    (503, 'C3', N'Thường', 13),
    (504, 'C4', N'Thường', 13),
    (505, 'C5', N'Thường', 13),
    (506, 'C6', N'Thường', 13),
    (507, 'C7', N'Thường', 13),
    (508, 'C8', N'Thường', 13),
    (509, 'C9', N'Thường', 13),
    (510, 'C10', N'Thường', 13),
    (511, 'D1', 'VIP', 13),
    (512, 'D2', 'VIP', 13),
    (513, 'D3', 'VIP', 13),
    (514, 'D4', 'VIP', 13),
    (515, 'D5', 'VIP', 13),
    (516, 'D6', N'Thường', 13),
    (517, 'D7', N'Thường', 13),
    (518, 'D8', N'Thường', 13),
    (519, 'D9', N'Thường', 13),
    (520, 'D10', N'Thường', 13),
    -- ma_rap = 14
    (521, 'A1', 'VIP', 14),
    (522, 'A2', 'VIP', 14),
    (523, 'A3', 'VIP', 14),
    (524, 'A4', 'VIP', 14),
    (525, 'A5', 'VIP', 14),
    (526, 'A6', N'Thường', 14),
    (527, 'A7', N'Thường', 14),
    (528, 'A8', N'Thường', 14),
    (529, 'A9', N'Thường', 14),
    (530, 'A10', N'Thường', 14),
    (531, 'B1', N'Thường', 14),
    (532, 'B2', N'Thường', 14),
    (533, 'B3', N'Thường', 14),
    (534, 'B4', N'Thường', 14),
    (535, 'B5', N'Thường', 14),
    (536, 'B6', N'Thường', 14),
    (537, 'B7', N'Thường', 14),
    (538, 'B8', N'Thường', 14),
    (539, 'B9', N'Thường', 14),
    (540, 'B10', N'Thường', 14),
    (541, 'C1', N'Thường', 14),
    (542, 'C2', N'Thường', 14),
    (543, 'C3', N'Thường', 14),
    (544, 'C4', N'Thường', 14),
    (545, 'C5', N'Thường', 14),
    (546, 'C6', N'Thường', 14),
    (547, 'C7', N'Thường', 14),
    (548, 'C8', N'Thường', 14),
    (549, 'C9', N'Thường', 14),
    (550, 'C10', N'Thường', 14),
    (551, 'D1', 'VIP', 14),
    (552, 'D2', 'VIP', 14),
    (553, 'D3', 'VIP', 14),
    (554, 'D4', 'VIP', 14),
    (555, 'D5', 'VIP', 14),
    (556, 'D6', N'Thường', 14),
    (557, 'D7', N'Thường', 14),
    (558, 'D8', N'Thường', 14),
    (559, 'D9', N'Thường', 14),
    (560, 'D10', N'Thường', 14),
    -- ma_rap = 15
    (561, 'A1', 'VIP', 15),
    (562, 'A2', 'VIP', 15),
    (563, 'A3', 'VIP', 15),
    (564, 'A4', 'VIP', 15),
    (565, 'A5', 'VIP', 15),
    (566, 'A6', N'Thường', 15),
    (567, 'A7', N'Thường', 15),
    (568, 'A8', N'Thường', 15),
    (569, 'A9', N'Thường', 15),
    (570, 'A10', N'Thường', 15),
    (571, 'B1', N'Thường', 15),
    (572, 'B2', N'Thường', 15),
    (573, 'B3', N'Thường', 15),
    (574, 'B4', N'Thường', 15),
    (575, 'B5', N'Thường', 15),
    (576, 'B6', N'Thường', 15),
    (577, 'B7', N'Thường', 15),
    (578, 'B8', N'Thường', 15),
    (579, 'B9', N'Thường', 15),
    (580, 'B10', N'Thường', 15),
    (581, 'C1', N'Thường', 15),
    (582, 'C2', N'Thường', 15),
    (583, 'C3', N'Thường', 15),
    (584, 'C4', N'Thường', 15),
    (585, 'C5', N'Thường', 15),
    (586, 'C6', N'Thường', 15),
    (587, 'C7', N'Thường', 15),
    (588, 'C8', N'Thường', 15),
    (589, 'C9', N'Thường', 15),
    (590, 'C10', N'Thường', 15),
    (591, 'D1', 'VIP', 15),
    (592, 'D2', 'VIP', 15),
    (593, 'D3', 'VIP', 15),
    (594, 'D4', 'VIP', 15),
    (595, 'D5', 'VIP', 15),
    (596, 'D6', N'Thường', 15),
    (597, 'D7', N'Thường', 15),
    (598, 'D8', N'Thường', 15),
    (599, 'D9', N'Thường', 15),
    (600, 'D10', N'Thường', 15);

-- Ghế cho các rạp ma_rap = 16 đến 30
INSERT INTO
    Ghe (ma_ghe, ten_ghe, loai_ghe, ma_rap)
VALUES
    -- ma_rap = 16
    (601, 'A1', 'VIP', 16),
    (602, 'A2', 'VIP', 16),
    (603, 'A3', 'VIP', 16),
    (604, 'A4', 'VIP', 16),
    (605, 'A5', 'VIP', 16),
    (606, 'A6', N'Thường', 16),
    (607, 'A7', N'Thường', 16),
    (608, 'A8', N'Thường', 16),
    (609, 'A9', N'Thường', 16),
    (610, 'A10', N'Thường', 16),
    (611, 'B1', N'Thường', 16),
    (612, 'B2', N'Thường', 16),
    (613, 'B3', N'Thường', 16),
    (614, 'B4', N'Thường', 16),
    (615, 'B5', N'Thường', 16),
    (616, 'B6', N'Thường', 16),
    (617, 'B7', N'Thường', 16),
    (618, 'B8', N'Thường', 16),
    (619, 'B9', N'Thường', 16),
    (620, 'B10', N'Thường', 16),
    (621, 'C1', N'Thường', 16),
    (622, 'C2', N'Thường', 16),
    (623, 'C3', N'Thường', 16),
    (624, 'C4', N'Thường', 16),
    (625, 'C5', N'Thường', 16),
    (626, 'C6', N'Thường', 16),
    (627, 'C7', N'Thường', 16),
    (628, 'C8', N'Thường', 16),
    (629, 'C9', N'Thường', 16),
    (630, 'C10', N'Thường', 16),
    (631, 'D1', 'VIP', 16),
    (632, 'D2', 'VIP', 16),
    (633, 'D3', 'VIP', 16),
    (634, 'D4', 'VIP', 16),
    (635, 'D5', 'VIP', 16),
    (636, 'D6', N'Thường', 16),
    (637, 'D7', N'Thường', 16),
    (638, 'D8', N'Thường', 16),
    (639, 'D9', N'Thường', 16),
    (640, 'D10', N'Thường', 16),
    -- ma_rap = 17
    (641, 'A1', 'VIP', 17),
    (642, 'A2', 'VIP', 17),
    (643, 'A3', 'VIP', 17),
    (644, 'A4', 'VIP', 17),
    (645, 'A5', 'VIP', 17),
    (646, 'A6', N'Thường', 17),
    (647, 'A7', N'Thường', 17),
    (648, 'A8', N'Thường', 17),
    (649, 'A9', N'Thường', 17),
    (650, 'A10', N'Thường', 17),
    (651, 'B1', N'Thường', 17),
    (652, 'B2', N'Thường', 17),
    (653, 'B3', N'Thường', 17),
    (654, 'B4', N'Thường', 17),
    (655, 'B5', N'Thường', 17),
    (656, 'B6', N'Thường', 17),
    (657, 'B7', N'Thường', 17),
    (658, 'B8', N'Thường', 17),
    (659, 'B9', N'Thường', 17),
    (660, 'B10', N'Thường', 17),
    (661, 'C1', N'Thường', 17),
    (662, 'C2', N'Thường', 17),
    (663, 'C3', N'Thường', 17),
    (664, 'C4', N'Thường', 17),
    (665, 'C5', N'Thường', 17),
    (666, 'C6', N'Thường', 17),
    (667, 'C7', N'Thường', 17),
    (668, 'C8', N'Thường', 17),
    (669, 'C9', N'Thường', 17),
    (670, 'C10', N'Thường', 17),
    (671, 'D1', 'VIP', 17),
    (672, 'D2', 'VIP', 17),
    (673, 'D3', 'VIP', 17),
    (674, 'D4', 'VIP', 17),
    (675, 'D5', 'VIP', 17),
    (676, 'D6', N'Thường', 17),
    (677, 'D7', N'Thường', 17),
    (678, 'D8', N'Thường', 17),
    (679, 'D9', N'Thường', 17),
    (680, 'D10', N'Thường', 17),
    -- ma_rap = 18
    (681, 'A1', 'VIP', 18),
    (682, 'A2', 'VIP', 18),
    (683, 'A3', 'VIP', 18),
    (684, 'A4', 'VIP', 18),
    (685, 'A5', 'VIP', 18),
    (686, 'A6', N'Thường', 18),
    (687, 'A7', N'Thường', 18),
    (688, 'A8', N'Thường', 18),
    (689, 'A9', N'Thường', 18),
    (690, 'A10', N'Thường', 18),
    (691, 'B1', N'Thường', 18),
    (692, 'B2', N'Thường', 18),
    (693, 'B3', N'Thường', 18),
    (694, 'B4', N'Thường', 18),
    (695, 'B5', N'Thường', 18),
    (696, 'B6', N'Thường', 18),
    (697, 'B7', N'Thường', 18),
    (698, 'B8', N'Thường', 18),
    (699, 'B9', N'Thường', 18),
    (700, 'B10', N'Thường', 18),
    (701, 'C1', N'Thường', 18),
    (702, 'C2', N'Thường', 18),
    (703, 'C3', N'Thường', 18),
    (704, 'C4', N'Thường', 18),
    (705, 'C5', N'Thường', 18),
    (706, 'C6', N'Thường', 18),
    (707, 'C7', N'Thường', 18),
    (708, 'C8', N'Thường', 18),
    (709, 'C9', N'Thường', 18),
    (710, 'C10', N'Thường', 18),
    (711, 'D1', 'VIP', 18),
    (712, 'D2', 'VIP', 18),
    (713, 'D3', 'VIP', 18),
    (714, 'D4', 'VIP', 18),
    (715, 'D5', 'VIP', 18),
    (716, 'D6', N'Thường', 18),
    (717, 'D7', N'Thường', 18),
    (718, 'D8', N'Thường', 18),
    (719, 'D9', N'Thường', 18),
    (720, 'D10', N'Thường', 18),
    -- ma_rap = 19
    (721, 'A1', 'VIP', 19),
    (722, 'A2', 'VIP', 19),
    (723, 'A3', 'VIP', 19),
    (724, 'A4', 'VIP', 19),
    (725, 'A5', 'VIP', 19),
    (726, 'A6', N'Thường', 19),
    (727, 'A7', N'Thường', 19),
    (728, 'A8', N'Thường', 19),
    (729, 'A9', N'Thường', 19),
    (730, 'A10', N'Thường', 19),
    (731, 'B1', N'Thường', 19),
    (732, 'B2', N'Thường', 19),
    (733, 'B3', N'Thường', 19),
    (734, 'B4', N'Thường', 19),
    (735, 'B5', N'Thường', 19),
    (736, 'B6', N'Thường', 19),
    (737, 'B7', N'Thường', 19),
    (738, 'B8', N'Thường', 19),
    (739, 'B9', N'Thường', 19),
    (740, 'B10', N'Thường', 19),
    (741, 'C1', N'Thường', 19),
    (742, 'C2', N'Thường', 19),
    (743, 'C3', N'Thường', 19),
    (744, 'C4', N'Thường', 19),
    (745, 'C5', N'Thường', 19),
    (746, 'C6', N'Thường', 19),
    (747, 'C7', N'Thường', 19),
    (748, 'C8', N'Thường', 19),
    (749, 'C9', N'Thường', 19),
    (750, 'C10', N'Thường', 19),
    (751, 'D1', 'VIP', 19),
    (752, 'D2', 'VIP', 19),
    (753, 'D3', 'VIP', 19),
    (754, 'D4', 'VIP', 19),
    (755, 'D5', 'VIP', 19),
    (756, 'D6', N'Thường', 19),
    (757, 'D7', N'Thường', 19),
    (758, 'D8', N'Thường', 19),
    (759, 'D9', N'Thường', 19),
    (760, 'D10', N'Thường', 19),
    -- ma_rap = 20
    (761, 'A1', 'VIP', 20),
    (762, 'A2', 'VIP', 20),
    (763, 'A3', 'VIP', 20),
    (764, 'A4', 'VIP', 20),
    (765, 'A5', 'VIP', 20),
    (766, 'A6', N'Thường', 20),
    (767, 'A7', N'Thường', 20),
    (768, 'A8', N'Thường', 20),
    (769, 'A9', N'Thường', 20),
    (770, 'A10', N'Thường', 20),
    (771, 'B1', N'Thường', 20),
    (772, 'B2', N'Thường', 20),
    (773, 'B3', N'Thường', 20),
    (774, 'B4', N'Thường', 20),
    (775, 'B5', N'Thường', 20),
    (776, 'B6', N'Thường', 20),
    (777, 'B7', N'Thường', 20),
    (778, 'B8', N'Thường', 20),
    (779, 'B9', N'Thường', 20),
    (780, 'B10', N'Thường', 20),
    (781, 'C1', N'Thường', 20),
    (782, 'C2', N'Thường', 20),
    (783, 'C3', N'Thường', 20),
    (784, 'C4', N'Thường', 20),
    (785, 'C5', N'Thường', 20),
    (786, 'C6', N'Thường', 20),
    (787, 'C7', N'Thường', 20),
    (788, 'C8', N'Thường', 20),
    (789, 'C9', N'Thường', 20),
    (790, 'C10', N'Thường', 20),
    (791, 'D1', 'VIP', 20),
    (792, 'D2', 'VIP', 20),
    (793, 'D3', 'VIP', 20),
    (794, 'D4', 'VIP', 20),
    (795, 'D5', 'VIP', 20),
    (796, 'D6', N'Thường', 20),
    (797, 'D7', N'Thường', 20),
    (798, 'D8', N'Thường', 20),
    (799, 'D9', N'Thường', 20),
    (800, 'D10', N'Thường', 20),
    -- ma_rap = 21
    (801, 'A1', 'VIP', 21),
    (802, 'A2', 'VIP', 21),
    (803, 'A3', 'VIP', 21),
    (804, 'A4', 'VIP', 21),
    (805, 'A5', 'VIP', 21),
    (806, 'A6', N'Thường', 21),
    (807, 'A7', N'Thường', 21),
    (808, 'A8', N'Thường', 21),
    (809, 'A9', N'Thường', 21),
    (810, 'A10', N'Thường', 21),
    (811, 'B1', N'Thường', 21),
    (812, 'B2', N'Thường', 21),
    (813, 'B3', N'Thường', 21),
    (814, 'B4', N'Thường', 21),
    (815, 'B5', N'Thường', 21),
    (816, 'B6', N'Thường', 21),
    (817, 'B7', N'Thường', 21),
    (818, 'B8', N'Thường', 21),
    (819, 'B9', N'Thường', 21),
    (820, 'B10', N'Thường', 21),
    (821, 'C1', N'Thường', 21),
    (822, 'C2', N'Thường', 21),
    (823, 'C3', N'Thường', 21),
    (824, 'C4', N'Thường', 21),
    (825, 'C5', N'Thường', 21),
    (826, 'C6', N'Thường', 21),
    (827, 'C7', N'Thường', 21),
    (828, 'C8', N'Thường', 21),
    (829, 'C9', N'Thường', 21),
    (830, 'C10', N'Thường', 21),
    (831, 'D1', 'VIP', 21),
    (832, 'D2', 'VIP', 21),
    (833, 'D3', 'VIP', 21),
    (834, 'D4', 'VIP', 21),
    (835, 'D5', 'VIP', 21),
    (836, 'D6', N'Thường', 21),
    (837, 'D7', N'Thường', 21),
    (838, 'D8', N'Thường', 21),
    (839, 'D9', N'Thường', 21),
    (840, 'D10', N'Thường', 21),
    -- ma_rap = 22
    (841, 'A1', 'VIP', 22),
    (842, 'A2', 'VIP', 22),
    (843, 'A3', 'VIP', 22),
    (844, 'A4', 'VIP', 22),
    (845, 'A5', 'VIP', 22),
    (846, 'A6', N'Thường', 22),
    (847, 'A7', N'Thường', 22),
    (848, 'A8', N'Thường', 22),
    (849, 'A9', N'Thường', 22),
    (850, 'A10', N'Thường', 22),
    (851, 'B1', N'Thường', 22),
    (852, 'B2', N'Thường', 22),
    (853, 'B3', N'Thường', 22),
    (854, 'B4', N'Thường', 22),
    (855, 'B5', N'Thường', 22),
    (856, 'B6', N'Thường', 22),
    (857, 'B7', N'Thường', 22),
    (858, 'B8', N'Thường', 22),
    (859, 'B9', N'Thường', 22),
    (860, 'B10', N'Thường', 22),
    (861, 'C1', N'Thường', 22),
    (862, 'C2', N'Thường', 22),
    (863, 'C3', N'Thường', 22),
    (864, 'C4', N'Thường', 22),
    (865, 'C5', N'Thường', 22),
    (866, 'C6', N'Thường', 22),
    (867, 'C7', N'Thường', 22),
    (868, 'C8', N'Thường', 22),
    (869, 'C9', N'Thường', 22),
    (870, 'C10', N'Thường', 22),
    (871, 'D1', 'VIP', 22),
    (872, 'D2', 'VIP', 22),
    (873, 'D3', 'VIP', 22),
    (874, 'D4', 'VIP', 22),
    (875, 'D5', 'VIP', 22),
    (876, 'D6', N'Thường', 22),
    (877, 'D7', N'Thường', 22),
    (878, 'D8', N'Thường', 22),
    (879, 'D9', N'Thường', 22),
    (880, 'D10', N'Thường', 22),
    -- ma_rap = 23
    (881, 'A1', 'VIP', 23),
    (882, 'A2', 'VIP', 23),
    (883, 'A3', 'VIP', 23),
    (884, 'A4', 'VIP', 23),
    (885, 'A5', 'VIP', 23),
    (886, 'A6', N'Thường', 23),
    (887, 'A7', N'Thường', 23),
    (888, 'A8', N'Thường', 23),
    (889, 'A9', N'Thường', 23),
    (890, 'A10', N'Thường', 23),
    (891, 'B1', N'Thường', 23),
    (892, 'B2', N'Thường', 23),
    (893, 'B3', N'Thường', 23),
    (894, 'B4', N'Thường', 23),
    (895, 'B5', N'Thường', 23),
    (896, 'B6', N'Thường', 23),
    (897, 'B7', N'Thường', 23),
    (898, 'B8', N'Thường', 23),
    (899, 'B9', N'Thường', 23),
    (900, 'B10', N'Thường', 23),
    (901, 'C1', N'Thường', 23),
    (902, 'C2', N'Thường', 23),
    (903, 'C3', N'Thường', 23),
    (904, 'C4', N'Thường', 23),
    (905, 'C5', N'Thường', 23),
    (906, 'C6', N'Thường', 23),
    (907, 'C7', N'Thường', 23),
    (908, 'C8', N'Thường', 23),
    (909, 'C9', N'Thường', 23),
    (910, 'C10', N'Thường', 23),
    (911, 'D1', 'VIP', 23),
    (912, 'D2', 'VIP', 23),
    (913, 'D3', 'VIP', 23),
    (914, 'D4', 'VIP', 23),
    (915, 'D5', 'VIP', 23),
    (916, 'D6', N'Thường', 23),
    (917, 'D7', N'Thường', 23),
    (918, 'D8', N'Thường', 23),
    (919, 'D9', N'Thường', 23),
    (920, 'D10', N'Thường', 23),
    -- ma_rap = 24
    (921, 'A1', 'VIP', 24),
    (922, 'A2', 'VIP', 24),
    (923, 'A3', 'VIP', 24),
    (924, 'A4', 'VIP', 24),
    (925, 'A5', 'VIP', 24),
    (926, 'A6', N'Thường', 24),
    (927, 'A7', N'Thường', 24),
    (928, 'A8', N'Thường', 24),
    (929, 'A9', N'Thường', 24),
    (930, 'A10', N'Thường', 24),
    (931, 'B1', N'Thường', 24),
    (932, 'B2', N'Thường', 24),
    (933, 'B3', N'Thường', 24),
    (934, 'B4', N'Thường', 24),
    (935, 'B5', N'Thường', 24),
    (936, 'B6', N'Thường', 24),
    (937, 'B7', N'Thường', 24),
    (938, 'B8', N'Thường', 24),
    (939, 'B9', N'Thường', 24),
    (940, 'B10', N'Thường', 24),
    (941, 'C1', N'Thường', 24),
    (942, 'C2', N'Thường', 24),
    (943, 'C3', N'Thường', 24),
    (944, 'C4', N'Thường', 24),
    (945, 'C5', N'Thường', 24),
    (946, 'C6', N'Thường', 24),
    (947, 'C7', N'Thường', 24),
    (948, 'C8', N'Thường', 24),
    (949, 'C9', N'Thường', 24),
    (950, 'C10', N'Thường', 24),
    (951, 'D1', 'VIP', 24),
    (952, 'D2', 'VIP', 24),
    (953, 'D3', 'VIP', 24),
    (954, 'D4', 'VIP', 24),
    (955, 'D5', 'VIP', 24),
    (956, 'D6', N'Thường', 24),
    (957, 'D7', N'Thường', 24),
    (958, 'D8', N'Thường', 24),
    (959, 'D9', N'Thường', 24),
    (960, 'D10', N'Thường', 24),
    -- ma_rap = 25
    (961, 'A1', 'VIP', 25),
    (962, 'A2', 'VIP', 25),
    (963, 'A3', 'VIP', 25),
    (964, 'A4', 'VIP', 25),
    (965, 'A5', 'VIP', 25),
    (966, 'A6', N'Thường', 25),
    (967, 'A7', N'Thường', 25),
    (968, 'A8', N'Thường', 25),
    (969, 'A9', N'Thường', 25),
    (970, 'A10', N'Thường', 25),
    (971, 'B1', N'Thường', 25),
    (972, 'B2', N'Thường', 25),
    (973, 'B3', N'Thường', 25),
    (974, 'B4', N'Thường', 25),
    (975, 'B5', N'Thường', 25),
    (976, 'B6', N'Thường', 25),
    (977, 'B7', N'Thường', 25),
    (978, 'B8', N'Thường', 25),
    (979, 'B9', N'Thường', 25),
    (980, 'B10', N'Thường', 25),
    (981, 'C1', N'Thường', 25),
    (982, 'C2', N'Thường', 25),
    (983, 'C3', N'Thường', 25),
    (984, 'C4', N'Thường', 25),
    (985, 'C5', N'Thường', 25),
    (986, 'C6', N'Thường', 25),
    (987, 'C7', N'Thường', 25),
    (988, 'C8', N'Thường', 25),
    (989, 'C9', N'Thường', 25),
    (990, 'C10', N'Thường', 25),
    (991, 'D1', 'VIP', 25),
    (992, 'D2', 'VIP', 25),
    (993, 'D3', 'VIP', 25),
    (994, 'D4', 'VIP', 25),
    (995, 'D5', 'VIP', 25),
    (996, 'D6', N'Thường', 25),
    (997, 'D7', N'Thường', 25),
    (998, 'D8', N'Thường', 25),
    (999, 'D9', N'Thường', 25),
    (1000, 'D10', N'Thường', 25),
    -- ma_rap = 26
    (1001, 'A1', 'VIP', 26),
    (1002, 'A2', 'VIP', 26),
    (1003, 'A3', 'VIP', 26),
    (1004, 'A4', 'VIP', 26),
    (1005, 'A5', 'VIP', 26),
    (1006, 'A6', N'Thường', 26),
    (1007, 'A7', N'Thường', 26),
    (1008, 'A8', N'Thường', 26),
    (1009, 'A9', N'Thường', 26),
    (1010, 'A10', N'Thường', 26),
    (1011, 'B1', N'Thường', 26),
    (1012, 'B2', N'Thường', 26),
    (1013, 'B3', N'Thường', 26),
    (1014, 'B4', N'Thường', 26),
    (1015, 'B5', N'Thường', 26),
    (1016, 'B6', N'Thường', 26),
    (1017, 'B7', N'Thường', 26),
    (1018, 'B8', N'Thường', 26),
    (1019, 'B9', N'Thường', 26),
    (1020, 'B10', N'Thường', 26),
    (1021, 'C1', N'Thường', 26),
    (1022, 'C2', N'Thường', 26),
    (1023, 'C3', N'Thường', 26),
    (1024, 'C4', N'Thường', 26),
    (1025, 'C5', N'Thường', 26),
    (1026, 'C6', N'Thường', 26),
    (1027, 'C7', N'Thường', 26),
    (1028, 'C8', N'Thường', 26),
    (1029, 'C9', N'Thường', 26),
    (1030, 'C10', N'Thường', 26),
    (1031, 'D1', 'VIP', 26),
    (1032, 'D2', 'VIP', 26),
    (1033, 'D3', 'VIP', 26),
    (1034, 'D4', 'VIP', 26),
    (1035, 'D5', 'VIP', 26),
    (1036, 'D6', N'Thường', 26),
    (1037, 'D7', N'Thường', 26),
    (1038, 'D8', N'Thường', 26),
    (1039, 'D9', N'Thường', 26),
    (1040, 'D10', N'Thường', 26),
    -- ma_rap = 27
    (1041, 'A1', 'VIP', 27),
    (1042, 'A2', 'VIP', 27),
    (1043, 'A3', 'VIP', 27),
    (1044, 'A4', 'VIP', 27),
    (1045, 'A5', 'VIP', 27),
    (1046, 'A6', N'Thường', 27),
    (1047, 'A7', N'Thường', 27),
    (1048, 'A8', N'Thường', 27),
    (1049, 'A9', N'Thường', 27),
    (1050, 'A10', N'Thường', 27),
    (1051, 'B1', N'Thường', 27),
    (1052, 'B2', N'Thường', 27),
    (1053, 'B3', N'Thường', 27),
    (1054, 'B4', N'Thường', 27),
    (1055, 'B5', N'Thường', 27),
    (1056, 'B6', N'Thường', 27),
    (1057, 'B7', N'Thường', 27),
    (1058, 'B8', N'Thường', 27),
    (1059, 'B9', N'Thường', 27),
    (1060, 'B10', N'Thường', 27),
    (1061, 'C1', N'Thường', 27),
    (1062, 'C2', N'Thường', 27),
    (1063, 'C3', N'Thường', 27),
    (1064, 'C4', N'Thường', 27),
    (1065, 'C5', N'Thường', 27),
    (1066, 'C6', N'Thường', 27),
    (1067, 'C7', N'Thường', 27),
    (1068, 'C8', N'Thường', 27),
    (1069, 'C9', N'Thường', 27),
    (1070, 'C10', N'Thường', 27),
    (1071, 'D1', 'VIP', 27),
    (1072, 'D2', 'VIP', 27),
    (1073, 'D3', 'VIP', 27),
    (1074, 'D4', 'VIP', 27),
    (1075, 'D5', 'VIP', 27),
    (1076, 'D6', N'Thường', 27),
    (1077, 'D7', N'Thường', 27),
    (1078, 'D8', N'Thường', 27),
    (1079, 'D9', N'Thường', 27),
    (1080, 'D10', N'Thường', 27),
    -- ma_rap = 28
    (1081, 'A1', 'VIP', 28),
    (1082, 'A2', 'VIP', 28),
    (1083, 'A3', 'VIP', 28),
    (1084, 'A4', 'VIP', 28),
    (1085, 'A5', 'VIP', 28),
    (1086, 'A6', N'Thường', 28),
    (1087, 'A7', N'Thường', 28),
    (1088, 'A8', N'Thường', 28),
    (1089, 'A9', N'Thường', 28),
    (1090, 'A10', N'Thường', 28),
    (1091, 'B1', N'Thường', 28),
    (1092, 'B2', N'Thường', 28),
    (1093, 'B3', N'Thường', 28),
    (1094, 'B4', N'Thường', 28),
    (1095, 'B5', N'Thường', 28),
    (1096, 'B6', N'Thường', 28),
    (1097, 'B7', N'Thường', 28),
    (1098, 'B8', N'Thường', 28),
    (1099, 'B9', N'Thường', 28),
    (1100, 'B10', N'Thường', 28),
    (1101, 'C1', N'Thường', 28),
    (1102, 'C2', N'Thường', 28),
    (1103, 'C3', N'Thường', 28),
    (1104, 'C4', N'Thường', 28),
    (1105, 'C5', N'Thường', 28),
    (1106, 'C6', N'Thường', 28),
    (1107, 'C7', N'Thường', 28),
    (1108, 'C8', N'Thường', 28),
    (1109, 'C9', N'Thường', 28),
    (1110, 'C10', N'Thường', 28),
    (1111, 'D1', 'VIP', 28),
    (1112, 'D2', 'VIP', 28),
    (1113, 'D3', 'VIP', 28),
    (1114, 'D4', 'VIP', 28),
    (1115, 'D5', 'VIP', 28),
    (1116, 'D6', N'Thường', 28),
    (1117, 'D7', N'Thường', 28),
    (1118, 'D8', N'Thường', 28),
    (1119, 'D9', N'Thường', 28),
    (1120, 'D10', N'Thường', 28),
    -- ma_rap = 29
    (1121, 'A1', 'VIP', 29),
    (1122, 'A2', 'VIP', 29),
    (1123, 'A3', 'VIP', 29),
    (1124, 'A4', 'VIP', 29),
    (1125, 'A5', 'VIP', 29),
    (1126, 'A6', N'Thường', 29),
    (1127, 'A7', N'Thường', 29),
    (1128, 'A8', N'Thường', 29),
    (1129, 'A9', N'Thường', 29),
    (1130, 'A10', N'Thường', 29),
    (1131, 'B1', N'Thường', 29),
    (1132, 'B2', N'Thường', 29),
    (1133, 'B3', N'Thường', 29),
    (1134, 'B4', N'Thường', 29),
    (1135, 'B5', N'Thường', 29),
    (1136, 'B6', N'Thường', 29),
    (1137, 'B7', N'Thường', 29),
    (1138, 'B8', N'Thường', 29),
    (1139, 'B9', N'Thường', 29),
    (1140, 'B10', N'Thường', 29),
    (1141, 'C1', N'Thường', 29),
    (1142, 'C2', N'Thường', 29),
    (1143, 'C3', N'Thường', 29),
    (1144, 'C4', N'Thường', 29),
    (1145, 'C5', N'Thường', 29),
    (1146, 'C6', N'Thường', 29),
    (1147, 'C7', N'Thường', 29),
    (1148, 'C8', N'Thường', 29),
    (1149, 'C9', N'Thường', 29),
    (1150, 'C10', N'Thường', 29),
    (1151, 'D1', 'VIP', 29),
    (1152, 'D2', 'VIP', 29),
    (1153, 'D3', 'VIP', 29),
    (1154, 'D4', 'VIP', 29),
    (1155, 'D5', 'VIP', 29),
    (1156, 'D6', N'Thường', 29),
    (1157, 'D7', N'Thường', 29),
    (1158, 'D8', N'Thường', 29),
    (1159, 'D9', N'Thường', 29),
    (1160, 'D10', N'Thường', 29),
    -- ma_rap = 30
    (1161, 'A1', 'VIP', 30),
    (1162, 'A2', 'VIP', 30),
    (1163, 'A3', 'VIP', 30),
    (1164, 'A4', 'VIP', 30),
    (1165, 'A5', 'VIP', 30),
    (1166, 'A6', N'Thường', 30),
    (1167, 'A7', N'Thường', 30),
    (1168, 'A8', N'Thường', 30),
    (1169, 'A9', N'Thường', 30),
    (1170, 'A10', N'Thường', 30),
    (1171, 'B1', N'Thường', 30),
    (1172, 'B2', N'Thường', 30),
    (1173, 'B3', N'Thường', 30),
    (1174, 'B4', N'Thường', 30),
    (1175, 'B5', N'Thường', 30),
    (1176, 'B6', N'Thường', 30),
    (1177, 'B7', N'Thường', 30),
    (1178, 'B8', N'Thường', 30),
    (1179, 'B9', N'Thường', 30),
    (1180, 'B10', N'Thường', 30),
    (1181, 'C1', N'Thường', 30),
    (1182, 'C2', N'Thường', 30),
    (1183, 'C3', N'Thường', 30),
    (1184, 'C4', N'Thường', 30),
    (1185, 'C5', N'Thường', 30),
    (1186, 'C6', N'Thường', 30),
    (1187, 'C7', N'Thường', 30),
    (1188, 'C8', N'Thường', 30),
    (1189, 'C9', N'Thường', 30),
    (1190, 'C10', N'Thường', 30),
    (1191, 'D1', 'VIP', 30),
    (1192, 'D2', 'VIP', 30),
    (1193, 'D3', 'VIP', 30),
    (1194, 'D4', 'VIP', 30),
    (1195, 'D5', 'VIP', 30),
    (1196, 'D6', N'Thường', 30),
    (1197, 'D7', N'Thường', 30),
    (1198, 'D8', N'Thường', 30),
    (1199, 'D9', N'Thường', 30),
    (1200, 'D10', N'Thường', 30);

INSERT INTO
    LichChieu (ma_rap, ma_phim, ngay_gio_chieu)
VALUES
    -- Rạp CGV Vincom Đồng Khởi 1 chiếu các phim trong ngày
    (1, 1, '2025-04-30 08:00:00'),
    -- Lật Mặt 8: Vòng Tay Nắng
    (1, 2, '2025-04-30 10:00:00'),
    -- Thunderbolts (Biệt Đội Sấm Sét)
    (1, 3, '2025-04-30 12:00:00'),
    -- Holy Night: Demon Hunters (Đêm Thánh: Đội Săn Quỷ)
    (1, 4, '2025-04-30 14:00:00'),
    -- Yadang: The Snitch (Ba Mặt Lật Kèo)
    (1, 5, '2025-04-30 16:00:00'),
    -- Nhà Săn Tiền
    (1, 6, '2025-04-30 18:00:00'),
    -- 28 Years Later: 28 Năm Sau Tận Thế
    (1, 7, '2025-04-30 20:00:00'),
    -- Sinners: Tội Đồ
    (1, 8, '2025-04-30 22:00:00'),
    -- The Stone: Buôn Thần Bán Thánh
    (1, 9, '2025-04-30 23:30:00'),
    -- Trạng Quỳnh Nhí: Truyền Thuyết Kim Ngưu
    -- Rạp CGV Aeon Mall Bình Dương chiếu các phim trong ngày
    (2, 1, '2025-04-30 09:00:00'),
    -- Lật Mặt 8: Vòng Tay Nắng
    (2, 2, '2025-04-30 11:00:00'),
    -- Thunderbolts (Biệt Đội Sấm Sét)
    (2, 3, '2025-04-30 13:00:00'),
    -- Holy Night: Demon Hunters (Đêm Thánh: Đội Săn Quỷ)
    (2, 4, '2025-04-30 15:00:00'),
    -- Yadang: The Snitch (Ba Mặt Lật Kèo)
    (2, 5, '2025-04-30 17:00:00'),
    -- The Stone: Buôn Thần Bán Thánh
    (2, 6, '2025-04-30 19:00:00'),
    -- Sinners: Tội Đồ
    (2, 7, '2025-04-30 21:00:00'),
    -- 28 Years Later: 28 Năm Sau Tận Thế
    (2, 8, '2025-04-30 23:00:00'),
    -- Trạng Quỳnh Nhí: Truyền Thuyết Kim Ngưu
    -- Lotte Cinema Hà Nội chiếu các phim trong ngày
    (3, 1, '2025-05-01 08:30:00'),
    -- Lật Mặt 8: Vòng Tay Nắng
    (3, 9, '2025-05-01 10:30:00'),
    -- Trạng Quỳnh Nhí: Truyền Thuyết Kim Ngưu
    (3, 10, '2025-05-01 12:30:00'),
    -- Thám Tử Kiên: Kỳ Án Không Đầu
    (3, 2, '2025-05-01 14:30:00'),
    -- Thunderbolts (Biệt Đội Sấm Sét)
    (3, 3, '2025-05-01 16:30:00'),
    -- 28 Years Later: 28 Năm Sau Tận Thế
    (3, 4, '2025-05-01 18:30:00'),
    -- Yadang: The Snitch (Ba Mặt Lật Kèo)
    (3, 5, '2025-05-01 20:30:00'),
    -- The Stone: Buôn Thần Bán Thánh
    (3, 6, '2025-05-01 22:30:00'),
    -- Sinners: Tội Đồ
    (3, 7, '2025-05-01 23:59:00'),
    -- Holy Night: Demon Hunters (Đêm Thánh: Đội Săn Quỷ)
    (4, 1, '2025-04-30 08:00:00'),
    -- Lật Mặt 8: Vòng Tay Nắng
    (4, 2, '2025-04-30 10:00:00'),
    -- Thunderbolts (Biệt Đội Sấm Sét)
    (4, 3, '2025-04-30 12:00:00'),
    -- Holy Night: Demon Hunters (Đêm Thánh: Đội Săn Quỷ)
    (4, 4, '2025-04-30 14:00:00'),
    -- Yadang: The Snitch (Ba Mặt Lật Kèo)
    (4, 5, '2025-04-30 16:00:00'),
    -- Nhà Săn Tiền
    (4, 6, '2025-04-30 18:00:00'),
    -- 28 Years Later: 28 Năm Sau Tận Thế
    (4, 7, '2025-04-30 20:00:00'),
    -- Sinners: Tội Đồ
    (4, 8, '2025-04-30 22:00:00'),
    -- The Stone: Buôn Thần Bán Thánh
    (4, 9, '2025-04-30 23:30:00'),
    -- Trạng Quỳnh Nhí: Truyền Thuyết Kim Ngưu
    -- Rạp CGV Aeon Mall Bình Dương 5 chiếu các phim trong ngày
    (5, 1, '2025-04-30 09:00:00'),
    -- Lật Mặt 8: Vòng Tay Nắng
    (5, 2, '2025-04-30 11:00:00'),
    -- Thunderbolts (Biệt Đội Sấm Sét)
    (5, 3, '2025-04-30 13:00:00'),
    -- Holy Night: Demon Hunters (Đêm Thánh: Đội Săn Quỷ)
    (5, 4, '2025-04-30 15:00:00'),
    -- Yadang: The Snitch (Ba Mặt Lật Kèo)
    (5, 5, '2025-04-30 17:00:00'),
    -- The Stone: Buôn Thần Bán Thánh
    (5, 6, '2025-04-30 19:00:00'),
    -- Sinners: Tội Đồ
    (5, 7, '2025-04-30 21:00:00'),
    -- 28 Years Later: 28 Năm Sau Tận Thế
    (5, 8, '2025-04-30 23:00:00'),
    -- Trạng Quỳnh Nhí: Truyền Thuyết Kim Ngưu
    -- Rạp Lotte Cinema Hà Nội 6 chiếu các phim trong ngày
    (6, 1, '2025-05-01 08:30:00'),
    -- Lật Mặt 8: Vòng Tay Nắng
    (6, 9, '2025-05-01 10:30:00'),
    -- Trạng Quỳnh Nhí: Truyền Thuyết Kim Ngưu
    (6, 10, '2025-05-01 12:30:00'),
    -- Thám Tử Kiên: Kỳ Án Không Đầu
    (6, 2, '2025-05-01 14:30:00'),
    -- Thunderbolts (Biệt Đội Sấm Sét)
    (6, 3, '2025-05-01 16:30:00'),
    -- 28 Years Later: 28 Năm Sau Tận Thế
    (6, 4, '2025-05-01 18:30:00'),
    -- Yadang: The Snitch (Ba Mặt Lật Kèo)
    (6, 5, '2025-05-01 20:30:00'),
    -- The Stone: Buôn Thần Bán Thánh
    (6, 6, '2025-05-01 22:30:00'),
    -- Sinners: Tội Đồ
    (6, 7, '2025-05-01 23:59:00'),
    -- Holy Night: Demon Hunters (Đêm Thánh: Đội Săn Quỷ)
    -- Rạp CGV Vincom Thủ Đức 7 chiếu các phim trong ngày
    (7, 1, '2025-04-30 09:00:00'),
    -- Lật Mặt 8: Vòng Tay Nắng
    (7, 2, '2025-04-30 11:00:00'),
    -- Thunderbolts (Biệt Đội Sấm Sét)
    (7, 3, '2025-04-30 13:00:00'),
    -- Holy Night: Demon Hunters (Đêm Thánh: Đội Săn Quỷ)
    (7, 4, '2025-04-30 15:00:00'),
    -- Yadang: The Snitch (Ba Mặt Lật Kèo)
    (7, 5, '2025-04-30 17:00:00'),
    -- The Stone: Buôn Thần Bán Thánh
    (7, 6, '2025-04-30 19:00:00'),
    -- Sinners: Tội Đồ
    (7, 7, '2025-04-30 21:00:00'),
    -- 28 Years Later: 28 Năm Sau Tận Thế
    (7, 8, '2025-04-30 23:00:00'),
    -- Trạng Quỳnh Nhí: Truyền Thuyết Kim Ngưu
    -- Rạp Lotte Cinema Đà Nẵng 8 chiếu các phim trong ngày
    (8, 1, '2025-04-30 08:00:00'),
    -- Lật Mặt 8: Vòng Tay Nắng
    (8, 2, '2025-04-30 10:00:00'),
    -- Thunderbolts (Biệt Đội Sấm Sét)
    (8, 3, '2025-04-30 12:00:00'),
    -- Holy Night: Demon Hunters (Đêm Thánh: Đội Săn Quỷ)
    (8, 4, '2025-04-30 14:00:00'),
    -- Yadang: The Snitch (Ba Mặt Lật Kèo)
    (8, 5, '2025-04-30 16:00:00'),
    -- The Stone: Buôn Thần Bán Thánh
    (8, 6, '2025-04-30 18:00:00'),
    -- Sinners: Tội Đồ
    (8, 7, '2025-04-30 20:00:00'),
    -- 28 Years Later: 28 Năm Sau Tận Thế
    (8, 8, '2025-04-30 22:00:00'),
    -- Trạng Quỳnh Nhí: Truyền Thuyết Kim Ngưu
    -- Rạp CGV Big C Hà Nội 9 chiếu các phim trong ngày
    (9, 1, '2025-04-30 08:30:00'),
    -- Lật Mặt 8: Vòng Tay Nắng
    (9, 2, '2025-04-30 10:30:00'),
    -- Thunderbolts (Biệt Đội Sấm Sét)
    (9, 3, '2025-04-30 12:30:00'),
    -- Holy Night: Demon Hunters (Đêm Thánh: Đội Săn Quỷ)
    (9, 4, '2025-04-30 14:30:00'),
    -- Yadang: The Snitch (Ba Mặt Lật Kèo)
    (9, 5, '2025-04-30 16:30:00'),
    -- Nhà Săn Tiền
    (9, 6, '2025-04-30 18:30:00'),
    -- 28 Years Later: 28 Năm Sau Tận Thế
    (9, 7, '2025-04-30 20:30:00'),
    -- Sinners: Tội Đồ
    (9, 8, '2025-04-30 22:30:00'),
    -- The Stone: Buôn Thần Bán Thánh
    (9, 9, '2025-04-30 23:59:00'),
    -- Trạng Quỳnh Nhí: Truyền Thuyết Kim Ngưu
    -- Rạp Lotte Cinema Quảng Ninh 10 chiếu các phim trong ngày
    (10, 1, '2025-04-30 09:00:00'),
    -- Lật Mặt 8: Vòng Tay Nắng
    (10, 2, '2025-04-30 11:00:00'),
    -- Thunderbolts (Biệt Đội Sấm Sét)
    (10, 3, '2025-04-30 13:00:00'),
    -- Holy Night: Demon Hunters (Đêm Thánh: Đội Săn Quỷ)
    (10, 4, '2025-04-30 15:00:00'),
    -- Yadang: The Snitch (Ba Mặt Lật Kèo)
    (10, 5, '2025-04-30 17:00:00'),
    -- The Stone: Buôn Thần Bán Thánh
    (10, 6, '2025-04-30 19:00:00'),
    -- Sinners: Tội Đồ
    (10, 7, '2025-04-30 21:00:00'),
    -- 28 Years Later: 28 Năm Sau Tận Thế
    (10, 8, '2025-04-30 23:00:00');

update Ghe
set da_dat = 0

